team_id,gw,second_name,player_id,position,multiplier
31191,1,Fernández,254,1,1
31191,1,Stiepermann,285,2,1
31191,1,Hernández,284,3,1
31191,1,Tosun,146,4,1
31191,1,Eastwood,299,5,1
31191,1,Mina,142,6,1
31191,1,Buendía,283,7,2
31191,1,Torreira,19,8,1
31191,1,Locadia,45,9,1
31191,1,McCarthy,318,10,1
31191,1,Hourihane,28,11,1
31191,1,Özil,15,12,0
31191,1,Soares,486,13,0
31191,1,Tavares,197,14,0
31191,1,Pröpper,54,15,0
31191,2,Özil,15,1,1
31191,2,Stiepermann,285,2,1
31191,2,Hernández,284,3,1
31191,2,Tosun,146,4,1
31191,2,Eastwood,299,5,1
31191,2,Soares,486,6,1
31191,2,Mina,142,7,1
31191,2,Buendía,283,8,1
31191,2,Torreira,19,9,1
31191,2,McCarthy,318,10,2
31191,2,Hourihane,28,11,1
31191,2,Fernández,254,12,0
31191,2,Locadia,45,13,0
31191,2,Tavares,197,14,0
31191,2,Pröpper,54,15,0
31191,3,Özil,15,1,1
31191,3,Stiepermann,285,2,1
31191,3,Valery,306,3,1
31191,3,Tosun,146,4,1
31191,3,Eastwood,299,5,1
31191,3,Tavares,197,6,1
31191,3,Mina,142,7,1
31191,3,Buendía,283,8,1
31191,3,Torreira,19,9,1
31191,3,McCarthy,318,10,1
31191,3,Hourihane,28,11,2
31191,3,Fernández,254,12,0
31191,3,Locadia,45,13,0
31191,3,Soares,486,14,0
31191,3,Pröpper,54,15,0
31191,4,Borges Da Silva,113,1,1
31191,4,Stiepermann,285,2,1
31191,4,Eastwood,299,3,1
31191,4,Tosun,146,4,1
31191,4,Tielemans,448,5,1
31191,4,O'Connell,293,6,1
31191,4,Buendía,283,7,2
31191,4,Torreira,19,8,1
31191,4,Surman,80,9,1
31191,4,McCarthy,318,10,1
31191,4,Hourihane,28,11,1
31191,4,Lewis,548,12,0
31191,4,Lamela,346,13,0
31191,4,de Jesus,211,14,0
31191,4,Egan,295,15,0
31191,5,Borges Da Silva,113,1,1
31191,5,Stiepermann,285,2,1
31191,5,Eastwood,299,3,1
31191,5,Austin,312,4,1
31191,5,Tielemans,448,5,1
31191,5,O'Connell,293,6,1
31191,5,Buendía,283,7,1
31191,5,Torreira,19,8,1
31191,5,Surman,80,9,1
31191,5,McCarthy,318,10,2
31191,5,Hourihane,28,11,1
31191,5,Lewis,548,12,0
31191,5,Lamela,346,13,0
31191,5,de Jesus,211,14,0
31191,5,Egan,295,15,0
31191,6,Borges Da Silva,113,1,1
31191,6,Stiepermann,285,2,1
31191,6,Egan,295,3,1
31191,6,Austin,312,4,1
31191,6,Tosun,146,5,1
31191,6,O'Connell,293,6,1
31191,6,Buendía,283,7,2
31191,6,Torreira,19,8,1
31191,6,McCarthy,318,9,1
31191,6,Surman,80,10,1
31191,6,Hourihane,28,11,1
31191,6,Lewis,548,12,0
31191,6,Eastwood,299,13,0
31191,6,Lamela,346,14,0
31191,6,de Jesus,211,15,0
31191,7,Borges Da Silva,113,1,1
31191,7,Stiepermann,285,2,1
31191,7,Eastwood,299,3,1
31191,7,Austin,312,4,1
31191,7,Tosun,146,5,1
31191,7,O'Connell,293,6,1
31191,7,Buendía,283,7,1
31191,7,Torreira,19,8,1
31191,7,McCarthy,318,9,2
31191,7,Surman,80,10,1
31191,7,Hourihane,28,11,1
31191,7,Lewis,548,12,0
31191,7,Egan,295,13,0
31191,7,Lamela,346,14,0
31191,7,de Jesus,211,15,0
31191,8,Cresswell,376,1,1
31191,8,Femenía Far,357,2,1
31191,8,Austin,312,3,1
31191,8,Valery,306,4,1
31191,8,Egan,295,5,1
31191,8,Lamela,346,6,1
31191,8,Mato Sanmartín,261,7,1
31191,8,Torreira,19,8,1
31191,8,McCarthy,318,9,2
31191,8,Surman,80,10,1
31191,8,Hourihane,28,11,1
31191,8,Lewis,548,12,0
31191,8,de Jesus,211,13,0
31191,8,Buendía,283,14,0
31191,8,Tosun,146,15,0
31191,9,Cresswell,376,1,1
31191,9,Tosun,146,2,1
31191,9,Valery,306,3,1
31191,9,Femenía Far,357,4,1
31191,9,Lamela,346,5,1
31191,9,Mato Sanmartín,261,6,1
31191,9,Buendía,283,7,1
31191,9,Torreira,19,8,1
31191,9,Agüero,210,9,1
31191,9,McCarthy,318,10,2
31191,9,Surman,80,11,1
31191,9,Lewis,548,12,0
31191,9,Austin,312,13,0
31191,9,de Jesus,211,14,0
31191,9,Egan,295,15,0
31191,10,Cresswell,376,1,1
31191,10,Tosun,146,2,1
31191,10,Austin,312,3,1
31191,10,Valery,306,4,1
31191,10,Femenía Far,357,5,1
31191,10,Mato Sanmartín,261,6,1
31191,10,Buendía,283,7,1
31191,10,Torreira,19,8,1
31191,10,Lamela,346,9,1
31191,10,McCarthy,318,10,2
31191,10,Surman,80,11,1
31191,10,Lewis,548,12,0
31191,10,Agüero,210,13,0
31191,10,Egan,295,14,0
31191,10,de Jesus,211,15,0
31191,11,Cresswell,376,1,1
31191,11,Femenía Far,357,2,1
31191,11,Iheanacho,167,3,1
31191,11,Valery,306,4,1
31191,11,Maguire,160,5,1
31191,11,Mato Sanmartín,261,6,1
31191,11,Torreira,19,7,1
31191,11,Buendía,283,8,1
31191,11,Lamela,346,9,1
31191,11,McCarthy,318,10,2
31191,11,Surman,80,11,1
31191,11,Lewis,548,12,0
31191,11,Austin,312,13,0
31191,11,Agüero,210,14,0
31191,11,Egan,295,15,0
31191,12,Cresswell,376,1,1
31191,12,Femenía Far,357,2,1
31191,12,Iheanacho,167,3,1
31191,12,Egan,295,4,1
31191,12,McLean,286,5,1
31191,12,Maguire,160,6,1
31191,12,Arrizabalaga,111,7,1
31191,12,Buendía,283,8,2
31191,12,Lamela,346,9,1
31191,12,Agüero,210,10,1
31191,12,Surman,80,11,1
31191,12,Lewis,548,12,0
31191,12,McCarthy,318,13,0
31191,12,Torreira,19,14,0
31191,12,Valery,306,15,0
31191,13,Cresswell,376,1,1
31191,13,Femenía Far,357,2,1
31191,13,Valery,306,3,1
31191,13,McLean,286,4,1
31191,13,Nketiah,13,5,1
31191,13,Torreira,19,6,1
31191,13,Maguire,160,7,1
31191,13,Buendía,283,8,1
31191,13,McCarthy,318,9,2
31191,13,Agüero,210,10,1
31191,13,Surman,80,11,1
31191,13,Lewis,548,12,0
31191,13,Lamela,346,13,0
31191,13,Iheanacho,167,14,0
31191,13,Egan,295,15,0
31191,14,Cresswell,376,1,1
31191,14,McLean,286,2,1
31191,14,Valery,306,3,1
31191,14,Femenía Far,357,4,1
31191,14,Iheanacho,167,5,1
31191,14,Obafemi,314,6,1
31191,14,Nketiah,13,7,1
31191,14,Buendía,283,8,2
31191,14,Torreira,19,9,1
31191,14,Agüero,210,10,1
31191,14,Surman,80,11,1
31191,14,Lewis,548,12,0
31191,14,McCarthy,318,13,0
31191,14,Lamela,346,14,0
31191,14,Egan,295,15,0
31191,15,Cresswell,376,1,1
31191,15,Femenía Far,357,2,1
31191,15,Valery,306,3,1
31191,15,Iheanacho,167,4,1
31191,15,Son,342,5,1
31191,15,Nketiah,13,6,1
31191,15,Torreira,19,7,1
31191,15,Obafemi,314,8,1
31191,15,Buendía,283,9,1
31191,15,McCarthy,318,10,2
31191,15,Mariappa,356,11,1
31191,15,Lewis,548,12,0
31191,15,Egan,295,13,0
31191,15,Lamela,346,14,0
31191,15,Surman,80,15,0
31191,16,Cresswell,376,1,1
31191,16,Iheanacho,167,2,1
31191,16,Valery,306,3,1
31191,16,Femenía Far,357,4,1
31191,16,Obafemi,314,5,1
31191,16,Nketiah,13,6,1
31191,16,Buendía,283,7,2
31191,16,Torreira,19,8,1
31191,16,Lamela,346,9,1
31191,16,Mariappa,356,10,1
31191,16,McCarthy,318,11,1
31191,16,Lewis,548,12,0
31191,16,Balogun,40,13,0
31191,16,Egan,295,14,0
31191,16,Son,342,15,0
31191,17,Zaha,133,1,1
31191,17,Tosun,146,2,1
31191,17,Valery,306,3,1
31191,17,Femenía Far,357,4,1
31191,17,Stacey,446,5,1
31191,17,Nketiah,13,6,1
31191,17,Buendía,283,7,1
31191,17,Torreira,19,8,1
31191,17,Lamela,346,9,1
31191,17,McCarthy,318,10,2
31191,17,Grant,237,11,1
31191,17,Fernández,254,12,0
31191,17,Mariappa,356,13,0
31191,17,Austin,558,14,0
31191,17,Son,342,15,0
31191,18,Zaha,133,1,1
31191,18,Femenía Far,357,2,1
31191,18,Rose,332,3,1
31191,18,Ogbonna,377,4,1
31191,18,Torreira,19,5,1
31191,18,Fleck,301,6,1
31191,18,Buendía,283,7,1
31191,18,Foyth,335,8,1
31191,18,Baines,145,9,1
31191,18,McCarthy,318,10,2
31191,18,Agüero,210,11,1
31191,18,Fernández,254,12,0
31191,18,Lamela,346,13,0
31191,18,de Gea,235,14,0
31191,18,Tavares,197,15,0
31191,19,Zaha,133,1,1
31191,19,Femenía Far,357,2,1
31191,19,Rose,332,3,1
31191,19,Ogbonna,377,4,1
31191,19,Torreira,19,5,1
31191,19,Fleck,301,6,1
31191,19,Buendía,283,7,1
31191,19,Foyth,335,8,1
31191,19,Baines,145,9,1
31191,19,McCarthy,318,10,2
31191,19,Agüero,210,11,1
31191,19,Fernández,254,12,0
31191,19,Lamela,346,13,0
31191,19,de Gea,235,14,0
31191,19,Tavares,197,15,0
31191,20,Zaha,133,1,1
31191,20,Femenía Far,357,2,1
31191,20,Rose,332,3,1
31191,20,Ogbonna,377,4,1
31191,20,Torreira,19,5,1
31191,20,Fleck,301,6,1
31191,20,Buendía,283,7,1
31191,20,Foyth,335,8,1
31191,20,Baines,145,9,1
31191,20,McCarthy,318,10,2
31191,20,Agüero,210,11,1
31191,20,Fernández,254,12,0
31191,20,de Gea,235,13,0
31191,20,Lamela,346,14,0
31191,20,Tavares,197,15,0
31191,21,Fernández,254,1,1
31191,21,Femenía Far,357,2,1
31191,21,de Gea,235,3,1
31191,21,Ogbonna,377,4,1
31191,21,Torreira,19,5,1
31191,21,Fleck,301,6,1
31191,21,Buendía,283,7,1
31191,21,Foyth,335,8,1
31191,21,Koscielny,7,9,1
31191,21,McCarthy,318,10,2
31191,21,Agüero,210,11,1
31191,21,Zaha,133,12,0
31191,21,Koiki,596,13,0
31191,21,Rose,332,14,0
31191,21,Tavares,197,15,0
31191,22,Zaha,133,1,1
31191,22,Femenía Far,357,2,1
31191,22,de Gea,235,3,1
31191,22,Ogbonna,377,4,1
31191,22,Rose,332,5,1
31191,22,Torreira,19,6,1
31191,22,Fleck,301,7,1
31191,22,Sánchez,333,8,1
31191,22,Foyth,335,9,3
31191,22,Koscielny,7,10,1
31191,22,McCarthy,318,11,1
31191,22,Fernández,254,12,0
31191,22,Agüero,210,13,0
31191,22,Koiki,596,14,0
31191,22,Tavares,197,15,0
31191,23,Zaha,133,1,1
31191,23,Femenía Far,357,2,1
31191,23,Ogbonna,377,3,1
31191,23,Rose,332,4,1
31191,23,Torreira,19,5,1
31191,23,Fleck,301,6,1
31191,23,Sánchez,333,7,1
31191,23,Foyth,335,8,1
31191,23,Koscielny,7,9,1
31191,23,Aubameyang,11,10,1
31191,23,McCarthy,318,11,2
31191,23,Fernández,254,12,0
31191,23,Agüero,210,13,0
31191,23,de Gea,235,14,0
31191,23,Tavares,197,15,0
31191,24,Zaha,133,1,1
31191,24,Rose,332,2,1
31191,24,Ogbonna,377,3,1
31191,24,Femenía Far,357,4,1
31191,24,Foyth,335,5,1
31191,24,Fleck,301,6,1
31191,24,Koscielny,7,7,1
31191,24,Sánchez,333,8,1
31191,24,Torreira,19,9,1
31191,24,McCarthy,318,10,2
31191,24,Aubameyang,11,11,1
31191,24,Fernández,254,12,0
31191,24,Agüero,210,13,0
31191,24,de Gea,235,14,0
31191,24,Tavares,197,15,0
31191,25,Zaha,133,1,1
31191,25,Wijnaldum,199,2,1
31191,25,McLean,286,3,1
31191,25,Tavares,197,4,1
31191,25,Hernández,284,5,1
31191,25,Buendía,283,6,2
31191,25,Torreira,19,7,1
31191,25,Koscielny,7,8,1
31191,25,Agüero,210,9,1
31191,25,Aubameyang,11,10,1
31191,25,McCarthy,318,11,1
31191,25,Fernández,254,12,0
31191,25,Sánchez,333,13,0
31191,25,Femenía Far,357,14,0
31191,25,Foyth,335,15,0
36873,1,Gosling,81,1,1
36873,1,Valery,306,2,1
36873,1,Stiepermann,285,3,1
36873,1,Ings,313,4,1
36873,1,Locadia,45,5,1
36873,1,Soares,486,6,1
36873,1,McGoldrick,303,7,1
36873,1,Buendía,283,8,2
36873,1,O'Connell,293,9,1
36873,1,Martínez,427,10,1
36873,1,Hourihane,28,11,1
36873,1,Fernández,254,12,0
36873,1,Egan,295,13,0
36873,1,Gibson,477,14,0
36873,1,Kean,496,15,0
36873,2,Gosling,81,1,1
36873,2,Valery,306,2,1
36873,2,Stiepermann,285,3,1
36873,2,Ings,313,4,1
36873,2,Locadia,45,5,1
36873,2,Soares,486,6,1
36873,2,McGoldrick,303,7,1
36873,2,Buendía,283,8,1
36873,2,O'Connell,293,9,1
36873,2,McCarthy,318,10,2
36873,2,Hourihane,28,11,1
36873,2,Fernández,254,12,0
36873,2,Egan,295,13,0
36873,2,Gibson,477,14,0
36873,2,Kean,496,15,0
36873,3,Gosling,81,1,1
36873,3,Valery,306,2,1
36873,3,Stiepermann,285,3,1
36873,3,Ings,313,4,1
36873,3,Egan,295,5,1
36873,3,Buendía,283,6,2
36873,3,O'Connell,293,7,1
36873,3,Mee,83,8,1
36873,3,Soares,486,9,1
36873,3,Hourihane,28,10,1
36873,3,McCarthy,318,11,1
36873,3,Fernández,254,12,0
36873,3,McGoldrick,303,13,0
36873,3,Gibson,477,14,0
36873,3,Kean,496,15,0
36873,4,Gosling,81,1,1
36873,4,Valery,306,2,1
36873,4,Stiepermann,285,3,1
36873,4,Tielemans,448,4,1
36873,4,Tosun,146,5,1
36873,4,Duffy,300,6,1
36873,4,Lindelöf,225,7,1
36873,4,Buendía,283,8,2
36873,4,Torreira,19,9,1
36873,4,Surman,80,10,1
36873,4,Hourihane,28,11,1
36873,4,Fernández,254,12,0
36873,4,Ings,313,13,0
36873,4,Alonso,103,14,0
36873,4,Lamela,346,15,0
36873,5,Gosling,81,1,1
36873,5,Valery,306,2,1
36873,5,Stiepermann,285,3,1
36873,5,Tielemans,448,4,1
36873,5,Duffy,300,5,2
36873,5,Lindelöf,225,6,1
36873,5,Buendía,283,7,1
36873,5,Torreira,19,8,1
36873,5,Alonso,103,9,1
36873,5,Surman,80,10,1
36873,5,Hourihane,28,11,1
36873,5,Fernández,254,12,0
36873,5,Tosun,146,13,0
36873,5,Zappacosta,109,14,0
36873,5,Lamela,346,15,0
36873,6,Gosling,81,1,1
36873,6,Valery,306,2,1
36873,6,Stiepermann,285,3,1
36873,6,Tosun,146,4,1
36873,6,Zappacosta,109,5,1
36873,6,Rüdiger,104,6,1
36873,6,Torreira,19,7,1
36873,6,Buendía,283,8,1
36873,6,Alonso,103,9,1
36873,6,Surman,80,10,2
36873,6,Hourihane,28,11,1
36873,6,Fernández,254,12,0
36873,6,Tielemans,448,13,0
36873,6,Duffy,300,14,0
36873,6,Lamela,346,15,0
36873,7,Gosling,81,1,1
36873,7,Valery,306,2,1
36873,7,Tosun,146,3,1
36873,7,Tielemans,448,4,1
36873,7,Duffy,300,5,1
36873,7,Lamela,346,6,1
36873,7,Torreira,19,7,1
36873,7,Buendía,283,8,2
36873,7,McCarthy,318,9,1
36873,7,Surman,80,10,1
36873,7,Hourihane,28,11,1
36873,7,Fernández,254,12,0
36873,7,Guehi,545,13,0
36873,7,Zappacosta,109,14,0
36873,7,Rüdiger,104,15,0
36873,8,Gosling,81,1,1
36873,8,Valery,306,2,1
36873,8,Guehi,545,3,1
36873,8,Tielemans,448,4,1
36873,8,Ogbonna,377,5,1
36873,8,Duffy,300,6,1
36873,8,Lamela,346,7,1
36873,8,Torreira,19,8,1
36873,8,McCarthy,318,9,2
36873,8,Surman,80,10,1
36873,8,Hourihane,28,11,1
36873,8,Fernández,254,12,0
36873,8,Tosun,146,13,0
36873,8,Buendía,283,14,0
36873,8,Rüdiger,104,15,0
36873,9,Gosling,81,1,1
36873,9,Valery,306,2,1
36873,9,Femenía Far,357,3,1
36873,9,Tosun,146,4,1
36873,9,Ogbonna,377,5,1
36873,9,Torreira,19,6,1
36873,9,Mato Sanmartín,261,7,1
36873,9,Buendía,283,8,2
36873,9,McCarthy,318,9,1
36873,9,Surman,80,10,1
36873,9,Hourihane,28,11,1
36873,9,Fernández,254,12,0
36873,9,Guehi,545,13,0
36873,9,Rüdiger,104,14,0
36873,9,Lamela,346,15,0
36873,10,Gosling,81,1,1
36873,10,Valery,306,2,1
36873,10,Femenía Far,357,3,1
36873,10,Tosun,146,4,1
36873,10,Ogbonna,377,5,1
36873,10,Rüdiger,104,6,1
36873,10,Mato Sanmartín,261,7,1
36873,10,Ibrahim Hassan,465,8,1
36873,10,Torreira,19,9,1
36873,10,McCarthy,318,10,2
36873,10,Hourihane,28,11,1
36873,10,Fernández,254,12,0
36873,10,Surman,80,13,0
36873,10,Guehi,545,14,0
36873,10,Lamela,346,15,0
36873,11,Gosling,81,1,1
36873,11,Valery,306,2,1
36873,11,Femenía Far,357,3,1
36873,11,Morgan,165,4,1
36873,11,Rüdiger,104,5,1
36873,11,Mato Sanmartín,261,6,1
36873,11,Ibrahim Hassan,465,7,1
36873,11,Torreira,19,8,1
36873,11,McCarthy,318,9,2
36873,11,Surman,80,10,1
36873,11,Hourihane,28,11,1
36873,11,Fernández,254,12,0
36873,11,Ogbonna,377,13,0
36873,11,Lamela,346,14,0
36873,11,Tosun,146,15,0
36873,12,Fernández,254,1,1
36873,12,Ogbonna,377,2,1
36873,12,Femenía Far,357,3,1
36873,12,Morgan,165,4,1
36873,12,Lascelles,258,5,1
36873,12,Rüdiger,104,6,1
36873,12,Buendía,283,7,2
36873,12,Ibrahim Hassan,465,8,1
36873,12,Lamela,346,9,1
36873,12,Surman,80,10,1
36873,12,Simpson,66,11,1
36873,12,Gosling,81,12,0
36873,12,Valery,306,13,0
36873,12,Torreira,19,14,0
36873,12,McCarthy,318,15,0
36873,13,Gosling,81,1,1
36873,13,Valery,306,2,1
36873,13,Femenía Far,357,3,1
36873,13,Morgan,165,4,1
36873,13,Lascelles,258,5,1
36873,13,Buendía,283,6,2
36873,13,Ibrahim Hassan,465,7,1
36873,13,Torreira,19,8,1
36873,13,Obafemi,314,9,1
36873,13,McCarthy,318,10,1
36873,13,Surman,80,11,1
36873,13,Fernández,254,12,0
36873,13,Simpson,66,13,0
36873,13,Ogbonna,377,14,0
36873,13,Lamela,346,15,0
36873,14,Gosling,81,1,1
36873,14,Valery,306,2,1
36873,14,Morgan,165,3,1
36873,14,Femenía Far,357,4,1
36873,14,Ogbonna,377,5,1
36873,14,Buendía,283,6,2
36873,14,Obafemi,314,7,1
36873,14,Nketiah,13,8,1
36873,14,Torreira,19,9,1
36873,14,Lamela,346,10,1
36873,14,Surman,80,11,1
36873,14,Fernández,254,12,0
36873,14,McCarthy,318,13,0
36873,14,Lascelles,258,14,0
36873,14,Simpson,66,15,0
36873,15,Gosling,81,1,1
36873,15,Valery,306,2,1
36873,15,Femenía Far,357,3,1
36873,15,Lascelles,258,4,1
36873,15,Ogbonna,377,5,1
36873,15,Buendía,283,6,1
36873,15,Nketiah,13,7,1
36873,15,Obafemi,314,8,1
36873,15,Simpson,66,9,1
36873,15,McCarthy,318,10,2
36873,15,Mariappa,356,11,1
36873,15,Fernández,254,12,0
36873,15,Torreira,19,13,0
36873,15,Morgan,165,14,0
36873,15,Lamela,346,15,0
36873,16,Fernández,254,1,1
36873,16,Valery,306,2,1
36873,16,Femenía Far,357,3,1
36873,16,Lascelles,258,4,1
36873,16,Kodjia,26,5,1
36873,16,Torreira,19,6,1
36873,16,Buendía,283,7,1
36873,16,Nketiah,13,8,1
36873,16,Obafemi,314,9,1
36873,16,Simpson,66,10,1
36873,16,McCarthy,318,11,2
36873,16,Gosling,81,12,0
36873,16,Ogbonna,377,13,0
36873,16,Mariappa,356,14,0
36873,16,Lamela,346,15,0
36873,17,Fernández,254,1,1
36873,17,Valery,306,2,1
36873,17,Femenía Far,357,3,1
36873,17,Lascelles,258,4,1
36873,17,Kodjia,26,5,1
36873,17,Torreira,19,6,1
36873,17,Buendía,283,7,1
36873,17,Lamela,346,8,1
36873,17,Fleck,301,9,1
36873,17,Agüero,210,10,1
36873,17,McCarthy,318,11,2
36873,17,Anício Caldeira Duarte,152,12,0
36873,17,Pereyra,369,13,0
36873,17,Ogbonna,377,14,0
36873,17,Pröpper,54,15,0
36873,18,Anício Caldeira Duarte,152,1,1
36873,18,Kodjia,26,2,1
36873,18,Femenía Far,357,3,1
36873,18,Ogbonna,377,4,1
36873,18,Lamela,346,5,1
36873,18,Buendía,283,6,1
36873,18,Fleck,301,7,1
36873,18,Pereyra,369,8,1
36873,18,Torreira,19,9,1
36873,18,Agüero,210,10,1
36873,18,McCarthy,318,11,2
36873,18,Fernández,254,12,0
36873,18,Valery,306,13,0
36873,18,Lascelles,258,14,0
36873,18,Pröpper,54,15,0
36873,19,Fernández,254,1,1
36873,19,Lascelles,258,2,1
36873,19,Femenía Far,357,3,1
36873,19,Kodjia,26,4,1
36873,19,Valery,306,5,1
36873,19,Torreira,19,6,1
36873,19,Buendía,283,7,1
36873,19,Foyth,335,8,1
36873,19,Lundstram,297,9,1
36873,19,Agüero,210,10,1
36873,19,McCarthy,318,11,2
36873,19,Anício Caldeira Duarte,152,12,0
36873,19,Ogbonna,377,13,0
36873,19,Pereyra,369,14,0
36873,19,Lamela,346,15,0
36873,20,Fernández,254,1,1
36873,20,Valery,306,2,1
36873,20,Rose,332,3,1
36873,20,Femenía Far,357,4,1
36873,20,Ogbonna,377,5,1
36873,20,Lascelles,258,6,1
36873,20,Fleck,301,7,1
36873,20,Foyth,335,8,1
36873,20,Pereyra,369,9,1
36873,20,Torreira,19,10,1
36873,20,McCarthy,318,11,2
36873,20,Anício Caldeira Duarte,152,12,0
36873,20,Lundstram,297,13,0
36873,20,Agüero,210,14,0
36873,20,Lamela,346,15,0
36873,21,Fernández,254,1,1
36873,21,Lascelles,258,2,1
36873,21,Rose,332,3,1
36873,21,Femenía Far,357,4,1
36873,21,Ogbonna,377,5,1
36873,21,Fleck,301,6,1
36873,21,Foyth,335,7,1
36873,21,Pereyra,369,8,1
36873,21,Torreira,19,9,1
36873,21,Agüero,210,10,1
36873,21,McCarthy,318,11,2
36873,21,Diangana,398,12,0
36873,21,Valery,306,13,0
36873,21,Lundstram,297,14,0
36873,21,Lamela,346,15,0
36873,22,Slattery,327,1,1
36873,22,Femenía Far,357,2,1
36873,22,Lamptey,586,3,1
36873,22,Foster,366,4,1
36873,22,Rose,332,5,1
36873,22,Foyth,335,6,2
36873,22,Koscielny,7,7,1
36873,22,Tomkins,124,8,1
36873,22,Nketiah,13,9,1
36873,22,Aubameyang,11,10,1
36873,22,McCarthy,318,11,1
36873,22,Bednarek,307,12,0
36873,22,Martínez,427,13,0
36873,22,Austin,312,14,0
36873,22,Pereyra,369,15,0
36873,23,Bednarek,307,1,1
36873,23,Femenía Far,357,2,1
36873,23,Austin,312,3,1
36873,23,Foster,366,4,1
36873,23,Tomkins,124,5,1
36873,23,Foyth,335,6,1
36873,23,Koscielny,7,7,1
36873,23,Nketiah,13,8,1
36873,23,Martínez,427,9,1
36873,23,Aubameyang,11,10,1
36873,23,McCarthy,318,11,2
36873,23,Slattery,327,12,0
36873,23,Rose,332,13,0
36873,23,Lamptey,586,14,0
36873,23,Connolly,534,15,0
36873,24,Bednarek,307,1,1
36873,24,Femenía Far,357,2,1
36873,24,Austin,312,3,1
36873,24,Lamptey,586,4,1
36873,24,Rose,332,5,1
36873,24,Tomkins,124,6,1
36873,24,Foyth,335,7,1
36873,24,Koscielny,7,8,1
36873,24,Nketiah,13,9,1
36873,24,Martínez,427,10,1
36873,24,McCarthy,318,11,2
36873,24,Slattery,327,12,0
36873,24,Connolly,534,13,0
36873,24,Aubameyang,11,14,0
36873,24,Foster,366,15,0
36873,25,Bednarek,307,1,1
36873,25,Stiepermann,285,2,1
36873,25,Austin,312,3,1
36873,25,Wijnaldum,199,4,1
36873,25,Amartey,178,5,1
36873,25,Connolly,534,6,1
36873,25,Koscielny,7,7,1
36873,25,Nketiah,13,8,3
36873,25,Aubameyang,11,9,1
36873,25,Martínez,427,10,1
36873,25,McCarthy,318,11,1
36873,25,Slattery,327,12,0
36873,25,Tomkins,124,13,0
36873,25,Femenía Far,357,14,0
36873,25,Foyth,335,15,0
317429,1,Özil,15,1,1
317429,1,Stiepermann,285,2,1
317429,1,Valery,306,3,1
317429,1,Hernández,284,4,1
317429,1,Austin,312,5,1
317429,1,Tielemans,448,6,1
317429,1,Buendía,283,7,2
317429,1,Torreira,19,8,1
317429,1,Locadia,45,9,1
317429,1,McCarthy,318,10,1
317429,1,Hourihane,28,11,1
317429,1,Fernández,254,12,0
317429,1,Soares,486,13,0
317429,1,Lamela,346,14,0
317429,1,Pröpper,54,15,0
317429,2,Özil,15,1,1
317429,2,Stiepermann,285,2,1
317429,2,Valery,306,3,1
317429,2,Hernández,284,4,1
317429,2,Austin,312,5,1
317429,2,Buendía,283,6,1
317429,2,Torreira,19,7,1
317429,2,Locadia,45,8,1
317429,2,Soares,486,9,1
317429,2,McCarthy,318,10,2
317429,2,Hourihane,28,11,1
317429,2,Fernández,254,12,0
317429,2,Lamela,346,13,0
317429,2,Tielemans,448,14,0
317429,2,Pröpper,54,15,0
317429,3,Özil,15,1,1
317429,3,Stiepermann,285,2,1
317429,3,Valery,306,3,1
317429,3,Tosun,146,4,1
317429,3,Austin,312,5,1
317429,3,Tielemans,448,6,1
317429,3,Buendía,283,7,2
317429,3,Torreira,19,8,1
317429,3,Rüdiger,104,9,1
317429,3,McCarthy,318,10,1
317429,3,Hourihane,28,11,1
317429,3,Fernández,254,12,0
317429,3,Soares,486,13,0
317429,3,Pröpper,54,14,0
317429,3,Lamela,346,15,0
317429,4,Özil,15,1,1
317429,4,Stiepermann,285,2,1
317429,4,Valery,306,3,1
317429,4,Tosun,146,4,1
317429,4,Austin,312,5,1
317429,4,Tielemans,448,6,1
317429,4,Buendía,283,7,2
317429,4,Torreira,19,8,1
317429,4,Rüdiger,104,9,1
317429,4,McCarthy,318,10,1
317429,4,Hourihane,28,11,1
317429,4,Fernández,254,12,0
317429,4,Lamela,346,13,0
317429,4,Soares,486,14,0
317429,4,Pröpper,54,15,0
317429,5,Özil,15,1,1
317429,5,Stiepermann,285,2,1
317429,5,Valery,306,3,1
317429,5,Femenía Far,357,4,1
317429,5,Tielemans,448,5,1
317429,5,Buendía,283,6,1
317429,5,Torreira,19,7,1
317429,5,Rüdiger,104,8,1
317429,5,Lindelöf,225,9,1
317429,5,McCarthy,318,10,1
317429,5,Hourihane,28,11,2
317429,5,Fernández,254,12,0
317429,5,Lamela,346,13,0
317429,5,Austin,312,14,0
317429,5,Pröpper,54,15,0
317429,6,Özil,15,1,1
317429,6,Stiepermann,285,2,1
317429,6,Valery,306,3,1
317429,6,Femenía Far,357,4,1
317429,6,Tielemans,448,5,1
317429,6,Buendía,283,6,1
317429,6,Torreira,19,7,1
317429,6,Rüdiger,104,8,1
317429,6,Lamela,346,9,1
317429,6,McCarthy,318,10,2
317429,6,Hourihane,28,11,1
317429,6,Fernández,254,12,0
317429,6,Son,342,13,0
317429,6,Pröpper,54,14,0
317429,6,Lindelöf,225,15,0
317429,7,Özil,15,1,1
317429,7,Stiepermann,285,2,1
317429,7,Valery,306,3,1
317429,7,Femenía Far,357,4,1
317429,7,Tielemans,448,5,1
317429,7,Buendía,283,6,1
317429,7,Torreira,19,7,1
317429,7,Rüdiger,104,8,1
317429,7,Lamela,346,9,1
317429,7,McCarthy,318,10,2
317429,7,Hourihane,28,11,1
317429,7,Fernández,254,12,0
317429,7,Son,342,13,0
317429,7,Pröpper,54,14,0
317429,7,Lindelöf,225,15,0
317429,8,Özil,15,1,1
317429,8,Valery,306,2,1
317429,8,Femenía Far,357,3,1
317429,8,Tielemans,448,4,1
317429,8,Son,342,5,1
317429,8,Torreira,19,6,1
317429,8,Lamela,346,7,1
317429,8,Ramsay,311,8,1
317429,8,McCarthy,318,9,2
317429,8,Hourihane,28,10,1
317429,8,Martínez,427,11,1
317429,8,Fernández,254,12,0
317429,8,Lindelöf,225,13,0
317429,8,Stiepermann,285,14,0
317429,8,Rüdiger,104,15,0
317429,9,Özil,15,1,1
317429,9,Valery,306,2,1
317429,9,Femenía Far,357,3,1
317429,9,Son,342,4,1
317429,9,Stiepermann,285,5,1
317429,9,Torreira,19,6,1
317429,9,Lindelöf,225,7,1
317429,9,Ramsay,311,8,1
317429,9,McCarthy,318,9,2
317429,9,Hourihane,28,10,1
317429,9,Martínez,427,11,1
317429,9,Fernández,254,12,0
317429,9,Tielemans,448,13,0
317429,9,Lamela,346,14,0
317429,9,Rüdiger,104,15,0
317429,10,Özil,15,1,1
317429,10,Valery,306,2,1
317429,10,Femenía Far,357,3,1
317429,10,Fernandes da Silva Junior,39,4,1
317429,10,Foster,366,5,1
317429,10,Ramsay,311,6,1
317429,10,Torreira,19,7,1
317429,10,Rüdiger,104,8,1
317429,10,McCarthy,318,9,2
317429,10,Hourihane,28,10,1
317429,10,Martínez,427,11,1
317429,10,Fernández,254,12,0
317429,10,Lindelöf,225,13,0
317429,10,Son,342,14,0
317429,10,Lamela,346,15,0
317429,11,Özil,15,1,1
317429,11,Valery,306,2,1
317429,11,Femenía Far,357,3,1
317429,11,Son,342,4,1
317429,11,Torreira,19,5,1
317429,11,Maguire,160,6,1
317429,11,Lamela,346,7,1
317429,11,Ramsay,311,8,1
317429,11,McCarthy,318,9,2
317429,11,Hourihane,28,10,1
317429,11,Martínez,427,11,1
317429,11,Fernández,254,12,0
317429,11,Rüdiger,104,13,0
317429,11,Foster,366,14,0
317429,11,Fernandes da Silva Junior,39,15,0
317429,12,Fernández,254,1,1
317429,12,Femenía Far,357,2,1
317429,12,Son,342,3,1
317429,12,Foster,366,4,1
317429,12,Fernandes da Silva Junior,39,5,1
317429,12,Arrizabalaga,111,6,2
317429,12,Maguire,160,7,1
317429,12,Lamela,346,8,1
317429,12,Rüdiger,104,9,1
317429,12,Martínez,427,10,1
317429,12,McCarthy,318,11,1
317429,12,Özil,15,12,0
317429,12,Valery,306,13,0
317429,12,Hourihane,28,14,0
317429,12,Torreira,19,15,0
317429,13,Anício Caldeira Duarte,152,1,1
317429,13,Femenía Far,357,2,1
317429,13,Valery,306,3,1
317429,13,Holding,10,4,1
317429,13,Buendía,283,5,1
317429,13,Torreira,19,6,1
317429,13,Obafemi,314,7,1
317429,13,Nketiah,13,8,1
317429,13,Surman,80,9,1
317429,13,McCarthy,318,10,2
317429,13,Agüero,210,11,1
317429,13,Fernández,254,12,0
317429,13,Lamela,346,13,0
317429,13,Iheanacho,167,14,0
317429,13,Austin,558,15,0
317429,14,Anício Caldeira Duarte,152,1,1
317429,14,Valery,306,2,1
317429,14,Femenía Far,357,3,1
317429,14,Holding,10,4,1
317429,14,Nketiah,13,5,1
317429,14,Torreira,19,6,1
317429,14,Buendía,283,7,2
317429,14,Obafemi,314,8,1
317429,14,Lamela,346,9,1
317429,14,Agüero,210,10,1
317429,14,Surman,80,11,1
317429,14,Fernández,254,12,0
317429,14,McCarthy,318,13,0
317429,14,Iheanacho,167,14,0
317429,14,Austin,558,15,0
317429,15,Fernández,254,1,1
317429,15,Valery,306,2,1
317429,15,Femenía Far,357,3,1
317429,15,Holding,10,4,1
317429,15,Pereyra,369,5,1
317429,15,Torreira,19,6,1
317429,15,Buendía,283,7,1
317429,15,Obafemi,314,8,1
317429,15,Lamela,346,9,1
317429,15,McCarthy,318,10,2
317429,15,Mariappa,356,11,1
317429,15,Anício Caldeira Duarte,152,12,0
317429,15,Agüero,210,13,0
317429,15,Iheanacho,167,14,0
317429,15,Austin,558,15,0
317429,16,Anício Caldeira Duarte,152,1,1
317429,16,Femenía Far,357,2,1
317429,16,Valery,306,3,1
317429,16,Holding,10,4,1
317429,16,Buendía,283,5,1
317429,16,Torreira,19,6,1
317429,16,Obafemi,314,7,1
317429,16,Pereyra,369,8,1
317429,16,Lamela,346,9,1
317429,16,McCarthy,318,10,2
317429,16,Simpson,66,11,1
317429,16,Fernández,254,12,0
317429,16,Mariappa,356,13,0
317429,16,Iheanacho,167,14,0
317429,16,Austin,558,15,0
317429,17,Fernández,254,1,1
317429,17,Femenía Far,357,2,1
317429,17,Valery,306,3,1
317429,17,Hernández,284,4,1
317429,17,Nketiah,13,5,1
317429,17,Fleck,301,6,1
317429,17,Pereyra,369,7,1
317429,17,Foyth,335,8,1
317429,17,Torreira,19,9,1
317429,17,McCarthy,318,10,2
317429,17,Lundstram,297,11,1
317429,17,Lewis,548,12,0
317429,17,Holding,10,13,0
317429,17,Austin,558,14,0
317429,17,Grant,237,15,0
317429,18,Fernández,254,1,1
317429,18,Hernández,284,2,1
317429,18,Holding,10,3,1
317429,18,Femenía Far,357,4,1
317429,18,Pereyra,369,5,1
317429,18,Torreira,19,6,1
317429,18,Nketiah,13,7,1
317429,18,Fleck,301,8,1
317429,18,Foyth,335,9,1
317429,18,McCarthy,318,10,2
317429,18,Lundstram,297,11,1
317429,18,Lewis,548,12,0
317429,18,Valery,306,13,0
317429,18,Austin,558,14,0
317429,18,Grant,237,15,0
317429,19,Slattery,327,1,1
317429,19,Femenía Far,357,2,1
317429,19,Holding,10,3,1
317429,19,Rose,332,4,1
317429,19,Valery,306,5,1
317429,19,Nketiah,13,6,1
317429,19,Fleck,301,7,1
317429,19,Foyth,335,8,1
317429,19,Torreira,19,9,1
317429,19,McCarthy,318,10,2
317429,19,Lundstram,297,11,1
317429,19,Lewis,548,12,0
317429,19,Pereyra,369,13,0
317429,19,Austin,558,14,0
317429,19,Grant,237,15,0
317429,20,Slattery,327,1,1
317429,20,Femenía Far,357,2,1
317429,20,Rose,332,3,1
317429,20,Valery,306,4,1
317429,20,Pereyra,369,5,1
317429,20,Fleck,301,6,1
317429,20,Foyth,335,7,2
317429,20,Torreira,19,8,1
317429,20,Nketiah,13,9,1
317429,20,McCarthy,318,10,1
317429,20,Agüero,210,11,1
317429,20,Lewis,548,12,0
317429,20,Holding,10,13,0
317429,20,Austin,558,14,0
317429,20,Grant,237,15,0
317429,21,Slattery,327,1,1
317429,21,Femenía Far,357,2,1
317429,21,Rose,332,3,1
317429,21,Holding,10,4,1
317429,21,Cathcart,358,5,1
317429,21,Nketiah,13,6,1
317429,21,Fleck,301,7,1
317429,21,Foyth,335,8,1
317429,21,Torreira,19,9,1
317429,21,McCarthy,318,10,2
317429,21,Agüero,210,11,1
317429,21,Lewis,548,12,0
317429,21,Pereyra,369,13,0
317429,21,Austin,558,14,0
317429,21,Grant,237,15,0
317429,22,Slattery,327,1,1
317429,22,Femenía Far,357,2,1
317429,22,Rose,332,3,1
317429,22,Cathcart,358,4,1
317429,22,Holding,10,5,1
317429,22,Nketiah,13,6,1
317429,22,Fleck,301,7,1
317429,22,Foyth,335,8,2
317429,22,Torreira,19,9,1
317429,22,McCarthy,318,10,1
317429,22,Martínez,427,11,1
317429,22,Lewis,548,12,0
317429,22,Pereyra,369,13,0
317429,22,Austin,558,14,0
317429,22,Grant,237,15,0
317429,23,Slattery,327,1,1
317429,23,Femenía Far,357,2,1
317429,23,Cathcart,358,3,1
317429,23,Holding,10,4,1
317429,23,Stephens,308,5,1
317429,23,Nketiah,13,6,1
317429,23,Fleck,301,7,1
317429,23,Foyth,335,8,1
317429,23,Torreira,19,9,1
317429,23,McCarthy,318,10,2
317429,23,Martínez,427,11,1
317429,23,Lewis,548,12,0
317429,23,Pereyra,369,13,0
317429,23,Austin,558,14,0
317429,23,Grant,237,15,0
317429,24,Slattery,327,1,1
317429,24,Femenía Far,357,2,1
317429,24,Holding,10,3,1
317429,24,Stephens,308,4,1
317429,24,Heise,484,5,1
317429,24,Nketiah,13,6,1
317429,24,Fleck,301,7,1
317429,24,Foyth,335,8,1
317429,24,Torreira,19,9,1
317429,24,McCarthy,318,10,2
317429,24,Martínez,427,11,1
317429,24,Lewis,548,12,0
317429,24,Pereyra,369,13,0
317429,24,Austin,558,14,0
317429,24,Grant,237,15,0
317429,25,Lewis,548,1,1
317429,25,Holding,10,2,1
317429,25,Stephens,308,3,1
317429,25,Heise,484,4,1
317429,25,Austin,558,5,1
317429,25,Nketiah,13,6,2
317429,25,Buendía,283,7,1
317429,25,Torreira,19,8,1
317429,25,Connolly,534,9,1
317429,25,McCarthy,318,10,1
317429,25,Lundstram,297,11,1
317429,25,Slattery,327,12,0
317429,25,Grant,237,13,0
317429,25,Foyth,335,14,0
317429,25,Femenía Far,357,15,0
576377,1,Bednarek,307,1,1
576377,1,Stiepermann,285,2,1
576377,1,Valery,306,3,1
576377,1,Son,342,4,1
576377,1,Buendía,283,5,2
576377,1,Soares,486,6,1
576377,1,Locadia,45,7,1
576377,1,Mee,83,8,1
576377,1,McCarthy,318,9,1
576377,1,Martínez,427,10,1
576377,1,Hourihane,28,11,1
576377,1,Fernández,254,12,0
576377,1,Tavares,197,13,0
576377,1,Egan,295,14,0
576377,1,Lamela,346,15,0
576377,2,Bednarek,307,1,1
576377,2,Stiepermann,285,2,1
576377,2,Valery,306,3,1
576377,2,Son,342,4,1
576377,2,Buendía,283,5,1
576377,2,Soares,486,6,1
576377,2,Locadia,45,7,1
576377,2,Lamela,346,8,1
576377,2,McCarthy,318,9,2
576377,2,Martínez,427,10,1
576377,2,Hourihane,28,11,1
576377,2,Fernández,254,12,0
576377,2,Tavares,197,13,0
576377,2,Mee,83,14,0
576377,2,Egan,295,15,0
576377,3,Bednarek,307,1,1
576377,3,Stiepermann,285,2,1
576377,3,Valery,306,3,1
576377,3,Egan,295,4,1
576377,3,Buendía,283,5,1
576377,3,Mee,83,6,1
576377,3,Locadia,45,7,1
576377,3,Lamela,346,8,1
576377,3,McCarthy,318,9,2
576377,3,Martínez,427,10,1
576377,3,Hourihane,28,11,1
576377,3,Fernández,254,12,0
576377,3,Soares,486,13,0
576377,3,Tavares,197,14,0
576377,3,Son,342,15,0
576377,4,Bednarek,307,1,1
576377,4,Stiepermann,285,2,1
576377,4,Valery,306,3,1
576377,4,Egan,295,4,1
576377,4,Buendía,283,5,1
576377,4,Mee,83,6,1
576377,4,Locadia,45,7,1
576377,4,Lamela,346,8,1
576377,4,McCarthy,318,9,2
576377,4,Martínez,427,10,1
576377,4,Hourihane,28,11,1
576377,4,Fernández,254,12,0
576377,4,Soares,486,13,0
576377,4,Tavares,197,14,0
576377,4,Son,342,15,0
576377,5,Bednarek,307,1,1
576377,5,Stiepermann,285,2,1
576377,5,Valery,306,3,1
576377,5,Son,342,4,1
576377,5,Buendía,283,5,1
576377,5,Mee,83,6,1
576377,5,Soares,486,7,1
576377,5,Lamela,346,8,1
576377,5,McCarthy,318,9,2
576377,5,Martínez,427,10,1
576377,5,Hourihane,28,11,1
576377,5,Fernández,254,12,0
576377,5,Tavares,197,13,0
576377,5,Locadia,45,14,0
576377,5,Egan,295,15,0
576377,6,Bednarek,307,1,1
576377,6,Stiepermann,285,2,1
576377,6,Valery,306,3,1
576377,6,Son,342,4,1
576377,6,Buendía,283,5,1
576377,6,Mee,83,6,1
576377,6,Soares,486,7,1
576377,6,Lamela,346,8,1
576377,6,McCarthy,318,9,2
576377,6,Martínez,427,10,1
576377,6,Hourihane,28,11,1
576377,6,Fernández,254,12,0
576377,6,Tavares,197,13,0
576377,6,Locadia,45,14,0
576377,6,Egan,295,15,0
576377,7,Bednarek,307,1,1
576377,7,Stiepermann,285,2,1
576377,7,Valery,306,3,1
576377,7,Son,342,4,1
576377,7,Egan,295,5,1
576377,7,Buendía,283,6,2
576377,7,Mee,83,7,1
576377,7,Locadia,45,8,1
576377,7,McCarthy,318,9,1
576377,7,Martínez,427,10,1
576377,7,Hourihane,28,11,1
576377,7,Fernández,254,12,0
576377,7,Lamela,346,13,0
576377,7,Tavares,197,14,0
576377,7,Soares,486,15,0
576377,8,Bednarek,307,1,1
576377,8,Egan,295,2,1
576377,8,Valery,306,3,1
576377,8,Tavares,197,4,1
576377,8,Lamela,346,5,1
576377,8,Soares,486,6,1
576377,8,Locadia,45,7,1
576377,8,Mee,83,8,1
576377,8,Hourihane,28,9,1
576377,8,Martínez,427,10,1
576377,8,McCarthy,318,11,2
576377,8,Fernández,254,12,0
576377,8,Stiepermann,285,13,0
576377,8,Son,342,14,0
576377,8,Buendía,283,15,0
576377,9,Bednarek,307,1,1
576377,9,Stiepermann,285,2,1
576377,9,Valery,306,3,1
576377,9,Egan,295,4,1
576377,9,Buendía,283,5,2
576377,9,Mee,83,6,1
576377,9,Locadia,45,7,1
576377,9,Lamela,346,8,1
576377,9,McCarthy,318,9,1
576377,9,Martínez,427,10,1
576377,9,Hourihane,28,11,1
576377,9,Fernández,254,12,0
576377,9,Soares,486,13,0
576377,9,Tavares,197,14,0
576377,9,Son,342,15,0
576377,10,Bednarek,307,1,1
576377,10,Stiepermann,285,2,1
576377,10,Valery,306,3,1
576377,10,Son,342,4,1
576377,10,Iheanacho,167,5,1
576377,10,Buendía,283,6,1
576377,10,Mee,83,7,1
576377,10,Lamela,346,8,1
576377,10,McCarthy,318,9,2
576377,10,Martínez,427,10,1
576377,10,Hourihane,28,11,1
576377,10,Fernández,254,12,0
576377,10,Egan,295,13,0
576377,10,de Jesus,211,14,0
576377,10,Locadia,45,15,0
576377,11,Bednarek,307,1,1
576377,11,Valery,306,2,1
576377,11,Son,342,3,1
576377,11,Iheanacho,167,4,1
576377,11,Buendía,283,5,1
576377,11,Mee,83,6,1
576377,11,Lamela,346,7,1
576377,11,de Jesus,211,8,1
576377,11,McCarthy,318,9,1
576377,11,Martínez,427,10,1
576377,11,Hourihane,28,11,2
576377,11,Fernández,254,12,0
576377,11,Egan,295,13,0
576377,11,Stiepermann,285,14,0
576377,11,Locadia,45,15,0
576377,12,Fernández,254,1,1
576377,12,Stiepermann,285,2,1
576377,12,Son,342,3,1
576377,12,Iheanacho,167,4,1
576377,12,Egan,295,5,1
576377,12,Buendía,283,6,2
576377,12,Mee,83,7,1
576377,12,Lamela,346,8,1
576377,12,de Jesus,211,9,1
576377,12,Locadia,45,10,1
576377,12,Martínez,427,11,1
576377,12,Bednarek,307,12,0
576377,12,McCarthy,318,13,0
576377,12,Valery,306,14,0
576377,12,Hourihane,28,15,0
576377,13,Bednarek,307,1,1
576377,13,Stiepermann,285,2,1
576377,13,Iheanacho,167,3,1
576377,13,Valery,306,4,1
576377,13,Buendía,283,5,1
576377,13,Mee,83,6,1
576377,13,Lamela,346,7,1
576377,13,de Jesus,211,8,1
576377,13,Martínez,427,9,1
576377,13,McCarthy,318,10,2
576377,13,Hourihane,28,11,1
576377,13,Fernández,254,12,0
576377,13,Locadia,45,13,0
576377,13,Son,342,14,0
576377,13,Egan,295,15,0
576377,14,Bednarek,307,1,1
576377,14,Stiepermann,285,2,1
576377,14,Valery,306,3,1
576377,14,Iheanacho,167,4,1
576377,14,Son,342,5,1
576377,14,Buendía,283,6,2
576377,14,de Jesus,211,7,1
576377,14,Locadia,45,8,1
576377,14,Lamela,346,9,1
576377,14,Hourihane,28,10,1
576377,14,Martínez,427,11,1
576377,14,Fernández,254,12,0
576377,14,McCarthy,318,13,0
576377,14,Egan,295,14,0
576377,14,Mee,83,15,0
576377,15,Bednarek,307,1,1
576377,15,Stiepermann,285,2,1
576377,15,Iheanacho,167,3,1
576377,15,Valery,306,4,1
576377,15,Son,342,5,1
576377,15,Buendía,283,6,1
576377,15,Locadia,45,7,1
576377,15,Mee,83,8,1
576377,15,Martínez,427,9,1
576377,15,McCarthy,318,10,2
576377,15,Hourihane,28,11,1
576377,15,Fernández,254,12,0
576377,15,Egan,295,13,0
576377,15,Lamela,346,14,0
576377,15,de Jesus,211,15,0
576377,16,Bednarek,307,1,1
576377,16,Stiepermann,285,2,1
576377,16,Iheanacho,167,3,1
576377,16,Valery,306,4,1
576377,16,Egan,295,5,1
576377,16,Buendía,283,6,1
576377,16,Locadia,45,7,1
576377,16,Lamela,346,8,1
576377,16,Martínez,427,9,1
576377,16,McCarthy,318,10,2
576377,16,Hourihane,28,11,1
576377,16,Fernández,254,12,0
576377,16,Son,342,13,0
576377,16,Mee,83,14,0
576377,16,de Jesus,211,15,0
576377,17,Bednarek,307,1,1
576377,17,Hernández,284,2,1
576377,17,Femenía Far,357,3,1
576377,17,Valery,306,4,1
576377,17,Austin,558,5,1
576377,17,Buendía,283,6,1
576377,17,Pereyra,369,7,1
576377,17,Lamela,346,8,1
576377,17,Saïss,407,9,1
576377,17,Martínez,427,10,1
576377,17,McCarthy,318,11,2
576377,17,Fernández,254,12,0
576377,17,Son,342,13,0
576377,17,Mee,83,14,0
576377,17,Grant,237,15,0
576377,18,Bednarek,307,1,1
576377,18,Hernández,284,2,1
576377,18,Austin,558,3,1
576377,18,Femenía Far,357,4,1
576377,18,Mee,83,5,1
576377,18,Buendía,283,6,1
576377,18,Saïss,407,7,1
576377,18,Pereyra,369,8,1
576377,18,Lamela,346,9,1
576377,18,Martínez,427,10,1
576377,18,McCarthy,318,11,2
576377,18,Fernández,254,12,0
576377,18,Valery,306,13,0
576377,18,Grant,237,14,0
576377,18,Son,342,15,0
576377,19,Bednarek,307,1,1
576377,19,Hernández,284,2,1
576377,19,Femenía Far,357,3,1
576377,19,Valery,306,4,1
576377,19,Austin,558,5,1
576377,19,Buendía,283,6,1
576377,19,Pereyra,369,7,1
576377,19,Lamela,346,8,1
576377,19,Saïss,407,9,1
576377,19,Martínez,427,10,1
576377,19,McCarthy,318,11,2
576377,19,Fernández,254,12,0
576377,19,Son,342,13,0
576377,19,Mee,83,14,0
576377,19,Grant,237,15,0
576377,20,Bednarek,307,1,1
576377,20,Hernández,284,2,1
576377,20,Femenía Far,357,3,1
576377,20,Valery,306,4,1
576377,20,Cathcart,358,5,1
576377,20,Buendía,283,6,1
576377,20,Pereyra,369,7,1
576377,20,Mee,83,8,1
576377,20,Lindelöf,225,9,1
576377,20,Martínez,427,10,1
576377,20,McCarthy,318,11,2
576377,20,Fernández,254,12,0
576377,20,Austin,558,13,0
576377,20,Lamela,346,14,0
576377,20,Grant,237,15,0
576377,21,Bednarek,307,1,1
576377,21,Hernández,284,2,1
576377,21,Cathcart,358,3,1
576377,21,Femenía Far,357,4,1
576377,21,Lamela,346,5,1
576377,21,Buendía,283,6,1
576377,21,Lindelöf,225,7,1
576377,21,Pereyra,369,8,1
576377,21,Mee,83,9,1
576377,21,Martínez,427,10,1
576377,21,McCarthy,318,11,2
576377,21,Fernández,254,12,0
576377,21,Valery,306,13,0
576377,21,Austin,558,14,0
576377,21,Grant,237,15,0
576377,22,Bednarek,307,1,1
576377,22,Hernández,284,2,1
576377,22,Femenía Far,357,3,1
576377,22,Lamptey,586,4,1
576377,22,Cathcart,358,5,1
576377,22,Buendía,283,6,2
576377,22,Koscielny,7,8,1
576377,22,Lamela,346,9,1
576377,22,Martínez,427,10,1
576377,22,McCarthy,318,11,1
576377,22,Fernández,254,12,0
576377,22,Pereyra,369,13,0
576377,22,Austin,558,14,0
576377,22,Grant,237,15,0
576377,23,Bednarek,307,1,1
576377,23,Hernández,284,2,1
576377,23,Femenía Far,357,3,1
576377,23,Lamptey,586,4,1
576377,23,Cathcart,358,5,1
576377,23,Buendía,283,6,1
576377,23,Koscielny,7,8,1
576377,23,Lamela,346,9,1
576377,23,Martínez,427,10,1
576377,23,McCarthy,318,11,2
576377,23,Fernández,254,12,0
576377,23,Pereyra,369,13,0
576377,23,Austin,558,14,0
576377,23,Grant,237,15,0
576377,24,Bednarek,307,1,1
576377,24,Hernández,284,2,1
576377,24,Femenía Far,357,3,1
576377,24,Lamptey,586,4,1
576377,24,Cathcart,358,5,1
576377,24,Buendía,283,6,1
576377,24,Koscielny,7,8,1
576377,24,Lamela,346,9,1
576377,24,Martínez,427,10,1
576377,24,McCarthy,318,11,2
576377,24,Fernández,254,12,0
576377,24,Pereyra,369,13,0
576377,24,Austin,558,14,0
576377,24,Grant,237,15,0
576377,25,Bednarek,307,1,1
576377,25,Hernández,284,2,1
576377,25,Austin,558,3,1
576377,25,Ings,313,4,1
576377,25,Buendía,283,5,2
576377,25,Koscielny,7,7,1
576377,25,Lamela,346,8,1
576377,25,Kolasinac,3,9,1
576377,25,Martínez,427,10,1
576377,25,McCarthy,318,11,1
576377,25,Fernández,254,12,0
576377,25,Grant,237,13,0
576377,25,Lamptey,586,14,0
576377,25,Femenía Far,357,15,0
662876,1,Özil,15,1,1
662876,1,Son,342,2,1
662876,1,Valery,306,3,1
662876,1,Tosun,146,4,1
662876,1,Stiepermann,285,5,1
662876,1,Andone,46,6,1
662876,1,Buendía,283,7,2
662876,1,Torreira,19,8,1
662876,1,O'Connell,293,9,1
662876,1,Hourihane,28,10,1
662876,1,McCarthy,318,11,1
662876,1,Fernández,254,12,0
662876,1,Egan,295,13,0
662876,1,Lamela,346,14,0
662876,1,Fredericks,380,15,0
662876,2,Özil,15,1,1
662876,2,Son,342,2,1
662876,2,Valery,306,3,1
662876,2,Tosun,146,4,1
662876,2,Stiepermann,285,5,1
662876,2,Murphy,483,6,1
662876,2,Buendía,283,7,1
662876,2,Torreira,19,8,1
662876,2,O'Connell,293,9,1
662876,2,Hourihane,28,10,1
662876,2,McCarthy,318,11,2
662876,2,Fernández,254,12,0
662876,2,Lamela,346,13,0
662876,2,Egan,295,14,0
662876,2,Fredericks,380,15,0
662876,3,Özil,15,1,1
662876,3,Son,342,2,1
662876,3,Valery,306,3,1
662876,3,Tosun,146,4,1
662876,3,Stiepermann,285,5,1
662876,3,Murphy,483,6,1
662876,3,Buendía,283,7,1
662876,3,Torreira,19,8,1
662876,3,O'Connell,293,9,1
662876,3,Hourihane,28,10,1
662876,3,McCarthy,318,11,2
662876,3,Fernández,254,12,0
662876,3,Lamela,346,13,0
662876,3,Egan,295,14,0
662876,3,Fredericks,380,15,0
662876,4,Özil,15,1,1
662876,4,Valery,306,2,1
662876,4,Tosun,146,3,1
662876,4,Femenía Far,357,4,1
662876,4,Lindelöf,225,5,1
662876,4,Buendía,283,6,2
662876,4,Torreira,19,7,1
662876,4,O'Connell,293,8,1
662876,4,Surman,80,9,1
662876,4,Hourihane,28,10,1
662876,4,McCarthy,318,11,1
662876,4,Fernández,254,12,0
662876,4,Lamela,346,13,0
662876,4,Son,342,14,0
662876,4,Egan,295,15,0
662876,5,Özil,15,1,1
662876,5,Son,342,2,1
662876,5,Valery,306,3,1
662876,5,Femenía Far,357,4,1
662876,5,Fleck,301,5,1
662876,5,Lindelöf,225,6,1
662876,5,Torreira,19,7,1
662876,5,O'Connell,293,8,1
662876,5,Hourihane,28,9,1
662876,5,Surman,80,10,1
662876,5,McCarthy,318,11,2
662876,5,Fernández,254,12,0
662876,5,Lamela,346,13,0
662876,5,Tosun,146,14,0
662876,5,Egan,295,15,0
662876,6,Fernández,254,1,1
662876,6,Valery,306,2,1
662876,6,Tosun,146,3,1
662876,6,Son,342,4,1
662876,6,Femenía Far,357,5,1
662876,6,Fleck,301,6,1
662876,6,Torreira,19,7,1
662876,6,O'Connell,293,8,1
662876,6,Surman,80,9,1
662876,6,Hourihane,28,10,1
662876,6,McCarthy,318,11,2
662876,6,Özil,15,12,0
662876,6,Egan,295,13,0
662876,6,Lamela,346,14,0
662876,6,Lallana,195,15,0
662876,7,Fernández,254,1,1
662876,7,Valery,306,2,1
662876,7,Tosun,146,3,1
662876,7,Son,342,4,1
662876,7,Fleck,301,5,1
662876,7,Torreira,19,6,1
662876,7,O'Connell,293,7,1
662876,7,Foyth,335,8,1
662876,7,Surman,80,9,1
662876,7,Hourihane,28,10,1
662876,7,McCarthy,318,11,2
662876,7,Özil,15,12,0
662876,7,Femenía Far,357,13,0
662876,7,Lamela,346,14,0
662876,7,Egan,295,15,0
662876,8,Özil,15,1,1
662876,8,Valery,306,2,1
662876,8,Femenía Far,357,3,1
662876,8,Egan,295,4,1
662876,8,Fleck,301,5,1
662876,8,Torreira,19,6,1
662876,8,Lallana,195,7,1
662876,8,Lamela,346,8,1
662876,8,Surman,80,9,1
662876,8,Hourihane,28,10,1
662876,8,McCarthy,318,11,2
662876,8,Fernández,254,12,0
662876,8,Tosun,146,13,0
662876,8,Foyth,335,14,0
662876,8,Son,342,15,0
662876,9,Özil,15,1,1
662876,9,Valery,306,2,1
662876,9,Femenía Far,357,3,1
662876,9,Tosun,146,4,1
662876,9,Egan,295,5,1
662876,9,Fleck,301,6,1
662876,9,Torreira,19,7,1
662876,9,Foyth,335,8,1
662876,9,Surman,80,9,1
662876,9,Hourihane,28,10,1
662876,9,McCarthy,318,11,2
662876,9,Fernández,254,12,0
662876,9,Lamela,346,13,0
662876,9,Son,342,14,0
662876,9,Lallana,195,15,0
662876,10,Fernández,254,1,1
662876,10,Valery,306,2,1
662876,10,Femenía Far,357,3,1
662876,10,Tosun,146,4,1
662876,10,Fleck,301,5,1
662876,10,Torreira,19,6,1
662876,10,Foyth,335,7,1
662876,10,Mato Sanmartín,261,8,1
662876,10,Surman,80,9,1
662876,10,Hourihane,28,10,1
662876,10,McCarthy,318,11,2
662876,10,Özil,15,12,0
662876,10,Lamela,346,13,0
662876,10,Son,342,14,0
662876,10,Egan,295,15,0
662876,11,Fernández,254,1,1
662876,11,Valery,306,2,1
662876,11,Son,342,3,1
662876,11,Idah,538,4,1
662876,11,Fleck,301,5,1
662876,11,Torreira,19,6,1
662876,11,Foyth,335,7,1
662876,11,Mato Sanmartín,261,8,1
662876,11,Surman,80,9,1
662876,11,Hourihane,28,10,1
662876,11,McCarthy,318,11,2
662876,11,Özil,15,12,0
662876,11,Femenía Far,357,13,0
662876,11,Lamela,346,14,0
662876,11,Egan,295,15,0
662876,12,Fernández,254,1,1
662876,12,Femenía Far,357,2,1
662876,12,Son,342,3,1
662876,12,Idah,538,4,1
662876,12,Egan,295,5,1
662876,12,Buendía,283,6,2
662876,12,Lamela,346,7,1
662876,12,Foyth,335,8,1
662876,12,Mina,142,9,1
662876,12,Surman,80,10,1
662876,12,McCarthy,318,11,1
662876,12,Özil,15,12,0
662876,12,Valery,306,13,0
662876,12,Torreira,19,14,0
662876,12,Hourihane,28,15,0
662876,13,Özil,15,1,1
662876,13,Femenía Far,357,2,1
662876,13,Idah,538,3,1
662876,13,Valery,306,4,1
662876,13,Buendía,283,5,1
662876,13,Foyth,335,6,1
662876,13,Obafemi,314,7,1
662876,13,Torreira,19,8,1
662876,13,Surman,80,9,1
662876,13,McCarthy,318,10,2
662876,13,Hourihane,28,11,1
662876,13,Fernández,254,12,0
662876,13,Lamela,346,13,0
662876,13,Son,342,14,0
662876,13,Egan,295,15,0
662876,14,Özil,15,1,1
662876,14,Son,342,2,1
662876,14,Valery,306,3,1
662876,14,Femenía Far,357,4,1
662876,14,Buendía,283,5,2
662876,14,Pereyra,369,6,1
662876,14,Torreira,19,7,1
662876,14,Obafemi,314,8,1
662876,14,Lamela,346,9,1
662876,14,Hourihane,28,10,1
662876,14,Surman,80,11,1
662876,14,Fernández,254,12,0
662876,14,McCarthy,318,13,0
662876,14,Idah,538,14,0
662876,14,Egan,295,15,0
662876,15,Fernández,254,1,1
662876,15,Femenía Far,357,2,1
662876,15,Son,342,3,1
662876,15,Valery,306,4,2
662876,15,Buendía,283,5,1
662876,15,Pereyra,369,6,1
662876,15,Obafemi,314,7,1
662876,15,Torreira,19,8,1
662876,15,Lamela,346,9,1
662876,15,McCarthy,318,10,1
662876,15,Hourihane,28,11,1
662876,15,Özil,15,12,0
662876,15,Egan,295,13,0
662876,15,Idah,538,14,0
662876,15,Surman,80,15,0
662876,16,Özil,15,1,1
662876,16,Femenía Far,357,2,1
662876,16,Idah,538,3,1
662876,16,Valery,306,4,1
662876,16,Buendía,283,5,1
662876,16,Pereyra,369,6,1
662876,16,Fleck,301,7,1
662876,16,Torreira,19,8,1
662876,16,Lamela,346,9,1
662876,16,McCarthy,318,10,2
662876,16,Surman,80,11,1
662876,16,Fernández,254,12,0
662876,16,Egan,295,13,0
662876,16,Hart,95,14,0
662876,16,Son,342,15,0
662876,17,Slattery,327,1,1
662876,17,Femenía Far,357,2,1
662876,17,Mkhitaryan,16,3,1
662876,17,Valery,306,4,1
662876,17,Buendía,283,5,1
662876,17,Pereyra,369,6,1
662876,17,Fleck,301,7,1
662876,17,Torreira,19,8,1
662876,17,Lamela,346,9,1
662876,17,McCarthy,318,10,2
662876,17,Surman,80,11,1
662876,17,Fernández,254,12,0
662876,17,Egan,295,13,0
662876,17,Hart,95,14,0
662876,17,Son,342,15,0
662876,18,Slattery,327,1,1
662876,18,Egan,295,2,1
662876,18,Mkhitaryan,16,3,1
662876,18,Femenía Far,357,4,1
662876,18,Lamela,346,5,1
662876,18,Buendía,283,6,1
662876,18,Pereyra,369,7,1
662876,18,Torreira,19,8,1
662876,18,Fleck,301,9,1
662876,18,Surman,80,10,1
662876,18,McCarthy,318,11,2
662876,18,Fernández,254,12,0
662876,18,Valery,306,13,0
662876,18,Hart,95,14,0
662876,18,Son,342,15,0
662876,19,Slattery,327,1,1
662876,19,Femenía Far,357,2,1
662876,19,Mkhitaryan,16,3,1
662876,19,Valery,306,4,1
662876,19,Mina,142,5,1
662876,19,Pereyra,369,6,1
662876,19,Fleck,301,7,1
662876,19,Torreira,19,8,1
662876,19,Lamela,346,9,1
662876,19,McCarthy,318,10,1
662876,19,Agüero,210,11,2
662876,19,Fernández,254,12,0
662876,19,Surman,80,13,0
662876,19,Egan,295,14,0
662876,19,Son,342,15,0
662876,20,Slattery,327,1,1
662876,20,Femenía Far,357,2,1
662876,20,Rose,332,3,1
662876,20,Valery,306,4,1
662876,20,Foyth,335,5,1
662876,20,Pereyra,369,6,1
662876,20,Fleck,301,7,1
662876,20,Torreira,19,8,1
662876,20,Lamela,346,9,1
662876,20,McCarthy,318,10,2
662876,20,Agüero,210,11,1
662876,20,Fernández,254,12,0
662876,20,Mkhitaryan,16,13,0
662876,20,Egan,295,14,0
662876,20,Surman,80,15,0
662876,21,Slattery,327,1,1
662876,21,Rose,332,2,1
662876,21,Mkhitaryan,16,3,1
662876,21,Femenía Far,357,4,1
662876,21,Lamela,346,5,1
662876,21,Foyth,335,6,1
662876,21,Pereyra,369,7,1
662876,21,Torreira,19,8,1
662876,21,Fleck,301,9,1
662876,21,Agüero,210,10,1
662876,21,McCarthy,318,11,2
662876,21,Fernández,254,12,0
662876,21,Valery,306,13,0
662876,21,Egan,295,14,0
662876,21,Surman,80,15,0
662876,22,Cresswell,376,1,1
662876,22,Femenía Far,357,2,1
662876,22,Rose,332,3,1
662876,22,Luiz Moreira Marinho,106,4,1
662876,22,Foyth,335,5,1
662876,22,Nketiah,13,6,1
662876,22,Sánchez,333,7,2
662876,22,Koscielny,7,8,1
662876,22,McCarthy,318,9,1
662876,22,Martínez,427,10,1
662876,22,Aubameyang,11,11,1
662876,22,Fernández,254,12,0
662876,22,San Miguel del Castillo,526,13,0
662876,22,Austin,558,14,0
662876,22,Lamela,346,15,0
662876,23,Cresswell,376,1,1
662876,23,Femenía Far,357,2,1
662876,23,Rose,332,3,1
662876,23,Luiz Moreira Marinho,106,4,1
662876,23,Foyth,335,5,1
662876,23,Nketiah,13,6,1
662876,23,Sánchez,333,7,1
662876,23,Koscielny,7,8,1
662876,23,McCarthy,318,9,2
662876,23,Martínez,427,10,1
662876,23,Aubameyang,11,11,1
662876,23,Fernández,254,12,0
662876,23,San Miguel del Castillo,526,13,0
662876,23,Austin,558,14,0
662876,23,Lamela,346,15,0
662876,24,Cresswell,376,1,1
662876,24,Femenía Far,357,2,1
662876,24,Rose,332,3,1
662876,24,Luiz Moreira Marinho,106,4,1
662876,24,Foyth,335,5,1
662876,24,Nketiah,13,6,1
662876,24,Sánchez,333,7,1
662876,24,Koscielny,7,8,1
662876,24,McCarthy,318,9,2
662876,24,Martínez,427,10,1
662876,24,Aubameyang,11,11,1
662876,24,Fernández,254,12,0
662876,24,San Miguel del Castillo,526,13,0
662876,24,Austin,558,14,0
662876,24,Lamela,346,15,0
662876,25,Fernández,254,1,1
662876,25,Austin,558,2,1
662876,25,Luiz Moreira Marinho,106,3,1
662876,25,Femenía Far,357,4,1
662876,25,Lamela,346,5,1
662876,25,Nketiah,13,6,1
662876,25,Koscielny,7,7,1
662876,25,Sánchez,333,8,1
662876,25,Martínez,427,9,1
662876,25,Aubameyang,11,10,1
662876,25,McCarthy,318,11,2
662876,25,Cresswell,376,12,0
662876,25,San Miguel del Castillo,526,13,0
662876,25,Rose,332,14,0
662876,25,Foyth,335,15,0
3282549,1,Bednarek,307,1,1
3282549,1,Krul,280,2,1
3282549,1,Heise,484,3,1
3282549,1,Clarke,43,4,1
3282549,1,Lindelöf,225,5,1
3282549,1,O'Connell,293,6,1
3282549,1,Foyth,335,7,1
3282549,1,Obafemi,314,8,1
3282549,1,McCarthy,318,9,2
3282549,1,Lundstram,297,10,1
3282549,1,Martínez,427,11,1
3282549,1,Fernandes da Silva Junior,39,13,0
3282549,1,Chambers,467,14,0
3282549,1,Djenepo,438,15,0
3282549,2,Bednarek,307,1,1
3282549,2,Krul,280,2,1
3282549,2,Fernandes da Silva Junior,39,3,1
3282549,2,Clarke,43,4,1
3282549,2,Lindelöf,225,5,1
3282549,2,O'Connell,293,6,1
3282549,2,Foyth,335,7,1
3282549,2,Obafemi,314,8,1
3282549,2,McCarthy,318,9,2
3282549,2,Lundstram,297,10,1
3282549,2,Martínez,427,11,1
3282549,2,Djenepo,438,13,0
3282549,2,Chambers,467,14,0
3282549,2,Heise,484,15,0
3282549,3,Bednarek,307,1,1
3282549,3,Krul,280,2,1
3282549,3,Fernandes da Silva Junior,39,3,1
3282549,3,Clarke,43,4,1
3282549,3,Lindelöf,225,5,1
3282549,3,O'Connell,293,6,1
3282549,3,Foyth,335,7,1
3282549,3,Obafemi,314,8,1
3282549,3,Chambers,467,9,1
3282549,3,McCarthy,318,10,2
3282549,3,Martínez,427,11,1
3282549,3,Djenepo,438,13,0
3282549,3,Lundstram,297,14,0
3282549,3,Heise,484,15,0
3282549,4,Bednarek,307,1,1
3282549,4,Krul,280,2,1
3282549,4,Heise,484,3,1
3282549,4,Clarke,43,4,1
3282549,4,Lindelöf,225,5,1
3282549,4,O'Connell,293,6,1
3282549,4,Foyth,335,7,1
3282549,4,Obafemi,314,8,1
3282549,4,Chambers,467,9,1
3282549,4,McCarthy,318,10,2
3282549,4,Martínez,427,11,1
3282549,4,Fernandes da Silva Junior,39,13,0
3282549,4,Lundstram,297,14,0
3282549,4,Djenepo,438,15,0
3282549,5,Bednarek,307,1,1
3282549,5,Krul,280,2,1
3282549,5,Clarke,43,3,1
3282549,5,Heise,484,4,1
3282549,5,Lindelöf,225,5,1
3282549,5,O'Connell,293,6,1
3282549,5,Foyth,335,7,1
3282549,5,Nketiah,13,8,1
3282549,5,Chambers,467,9,1
3282549,5,McCarthy,318,10,2
3282549,5,Martínez,427,11,1
3282549,5,Lundstram,297,13,0
3282549,5,Fernandes da Silva Junior,39,14,0
3282549,5,Egan,295,15,0
3282549,6,Bednarek,307,1,1
3282549,6,Krul,280,2,1
3282549,6,Clarke,43,3,1
3282549,6,Heise,484,4,1
3282549,6,Chambers,467,5,1
3282549,6,O'Connell,293,6,1
3282549,6,Foyth,335,7,1
3282549,6,Nketiah,13,8,1
3282549,6,McCarthy,318,9,2
3282549,6,Lundstram,297,10,1
3282549,6,Martínez,427,11,1
3282549,6,Lindelöf,225,13,0
3282549,6,Fernandes da Silva Junior,39,14,0
3282549,6,Egan,295,15,0
3282549,7,Bednarek,307,1,1
3282549,7,Krul,280,2,1
3282549,7,Heise,484,3,1
3282549,7,Clarke,43,4,1
3282549,7,Lindelöf,225,5,1
3282549,7,O'Connell,293,6,1
3282549,7,Foyth,335,7,1
3282549,7,Nketiah,13,8,1
3282549,7,Martínez,427,9,1
3282549,7,McCarthy,318,10,2
3282549,7,Lundstram,297,11,1
3282549,7,Chambers,467,13,0
3282549,7,Fernandes da Silva Junior,39,14,0
3282549,7,Egan,295,15,0
3282549,8,Bednarek,307,1,1
3282549,8,Fernandes da Silva Junior,39,2,1
3282549,8,Egan,295,3,1
3282549,8,Heise,484,4,1
3282549,8,Chambers,467,5,1
3282549,8,O'Connell,293,6,1
3282549,8,Foyth,335,7,1
3282549,8,Nketiah,13,8,1
3282549,8,McCarthy,318,9,2
3282549,8,Lundstram,297,10,1
3282549,8,Martínez,427,11,1
3282549,8,Lindelöf,225,13,0
3282549,8,Krul,280,14,0
3282549,8,Clarke,43,15,0
3282549,9,Bednarek,307,1,1
3282549,9,Krul,280,2,1
3282549,9,Heise,484,3,1
3282549,9,Son,342,4,1
3282549,9,Lindelöf,225,5,1
3282549,9,O'Connell,293,6,1
3282549,9,Foyth,335,7,1
3282549,9,Nketiah,13,8,1
3282549,9,Martínez,427,9,1
3282549,9,McCarthy,318,10,2
3282549,9,Hourihane,28,11,1
3282549,9,Chambers,467,13,0
3282549,9,Fernandes da Silva Junior,39,14,0
3282549,9,Egan,295,15,0
3282549,10,Bednarek,307,1,1
3282549,10,Krul,280,2,1
3282549,10,Heise,484,3,1
3282549,10,Son,342,4,1
3282549,10,Lindelöf,225,5,1
3282549,10,O'Connell,293,6,1
3282549,10,Foyth,335,7,1
3282549,10,Nketiah,13,8,1
3282549,10,Martínez,427,9,1
3282549,10,McCarthy,318,10,2
3282549,10,Hourihane,28,11,1
3282549,10,Chambers,467,13,0
3282549,10,Fernandes da Silva Junior,39,14,0
3282549,10,Egan,295,15,0
3282549,11,Bednarek,307,1,1
3282549,11,Krul,280,2,1
3282549,11,Femenía Far,357,3,1
3282549,11,Son,342,4,1
3282549,11,Lindelöf,225,5,1
3282549,11,Obafemi,314,6,1
3282549,11,Foyth,335,7,1
3282549,11,Nketiah,13,8,1
3282549,11,Martínez,427,9,1
3282549,11,McCarthy,318,10,2
3282549,11,Hourihane,28,11,1
3282549,11,Chambers,467,13,0
3282549,11,Fernandes da Silva Junior,39,14,0
3282549,11,Egan,295,15,0
3282549,12,Bednarek,307,1,1
3282549,12,Krul,280,2,1
3282549,12,Son,342,3,1
3282549,12,Femenía Far,357,4,1
3282549,12,Fernandes da Silva Junior,39,5,1
3282549,12,Egan,295,6,1
3282549,12,Lindelöf,225,7,1
3282549,12,Chambers,467,8,1
3282549,12,Foyth,335,9,1
3282549,12,Hourihane,28,10,1
3282549,12,Martínez,427,11,2
3282549,12,Obafemi,314,13,0
3282549,12,Nketiah,13,14,0
3282549,12,McCarthy,318,15,0
3282549,13,Bednarek,307,1,1
3282549,13,Krul,280,2,1
3282549,13,Femenía Far,357,3,1
3282549,13,Son,342,4,1
3282549,13,Lindelöf,225,5,1
3282549,13,Obafemi,314,6,1
3282549,13,Foyth,335,7,1
3282549,13,Nketiah,13,8,1
3282549,13,Martínez,427,9,1
3282549,13,McCarthy,318,10,2
3282549,13,Hourihane,28,11,1
3282549,13,Chambers,467,13,0
3282549,13,Fernandes da Silva Junior,39,14,0
3282549,13,Egan,295,15,0
3282549,14,Bednarek,307,1,1
3282549,14,Krul,280,2,1
3282549,14,Son,342,3,1
3282549,14,Femenía Far,357,4,1
3282549,14,Lindelöf,225,5,1
3282549,14,Obafemi,314,6,1
3282549,14,Foyth,335,7,1
3282549,14,Nketiah,13,8,1
3282549,14,Chambers,467,9,1
3282549,14,Hourihane,28,10,1
3282549,14,Martínez,427,11,2
3282549,14,McCarthy,318,13,0
3282549,14,Fernandes da Silva Junior,39,14,0
3282549,14,Egan,295,15,0
3282549,15,Bednarek,307,1,1
3282549,15,Kodjia,26,2,1
3282549,15,Femenía Far,357,3,1
3282549,15,Son,342,4,1
3282549,15,Arrizabalaga,111,5,1
3282549,15,Obafemi,314,6,1
3282549,15,Foyth,335,7,1
3282549,15,Nketiah,13,8,1
3282549,15,Martínez,427,9,1
3282549,15,McCarthy,318,10,2
3282549,15,Hourihane,28,11,1
3282549,15,Chambers,467,13,0
3282549,15,Fernandes da Silva Junior,39,14,0
3282549,15,Egan,295,15,0
3282549,16,Bednarek,307,1,1
3282549,16,Kodjia,26,2,1
3282549,16,Fernandes da Silva Junior,39,3,1
3282549,16,Femenía Far,357,4,1
3282549,16,Arrizabalaga,111,5,1
3282549,16,Obafemi,314,6,1
3282549,16,Foyth,335,7,1
3282549,16,Nketiah,13,8,1
3282549,16,McCarthy,318,9,2
3282549,16,Hourihane,28,10,1
3282549,16,Martínez,427,11,1
3282549,16,Chambers,467,13,0
3282549,16,Son,342,14,0
3282549,16,Egan,295,15,0
3282549,17,Bednarek,307,1,1
3282549,17,Kodjia,26,2,1
3282549,17,Cathcart,358,3,1
3282549,17,Femenía Far,357,4,1
3282549,17,Sánchez,333,5,1
3282549,17,Koscielny,7,6,1
3282549,17,Foyth,335,7,1
3282549,17,Nketiah,13,8,1
3282549,17,Locadia,45,9,1
3282549,17,McCarthy,318,10,2
3282549,17,Martínez,427,11,1
3282549,17,Son,342,13,0
3282549,17,Mariappa,356,14,0
3282549,17,Egan,295,15,0
3282549,18,Bednarek,307,1,1
3282549,18,Kodjia,26,2,1
3282549,18,Cathcart,358,3,1
3282549,18,Femenía Far,357,4,1
3282549,18,Sánchez,333,5,1
3282549,18,Koscielny,7,6,1
3282549,18,Foyth,335,7,1
3282549,18,Nketiah,13,8,1
3282549,18,McCarthy,318,9,2
3282549,18,Mariappa,356,10,1
3282549,18,Martínez,427,11,1
3282549,18,Son,342,13,0
3282549,18,Locadia,45,14,0
3282549,18,Egan,295,15,0
3282549,19,Bednarek,307,1,1
3282549,19,Kodjia,26,2,1
3282549,19,Femenía Far,357,3,1
3282549,19,Son,342,4,1
3282549,19,Sánchez,333,5,1
3282549,19,Koscielny,7,6,1
3282549,19,Foyth,335,7,1
3282549,19,Nketiah,13,8,1
3282549,19,Martínez,427,9,1
3282549,19,McCarthy,318,10,2
3282549,19,Mariappa,356,11,1
3282549,19,Cathcart,358,13,0
3282549,19,Locadia,45,14,0
3282549,19,Egan,295,15,0
3282549,20,Bednarek,307,1,1
3282549,20,Kodjia,26,2,1
3282549,20,Cathcart,358,3,1
3282549,20,Femenía Far,357,4,1
3282549,20,Sánchez,333,5,1
3282549,20,Koscielny,7,6,1
3282549,20,Foyth,335,7,1
3282549,20,Nketiah,13,8,1
3282549,20,McCarthy,318,9,2
3282549,20,Mariappa,356,10,1
3282549,20,Martínez,427,11,1
3282549,20,Son,342,13,0
3282549,20,Locadia,45,14,0
3282549,20,Egan,295,15,0
3282549,21,Bednarek,307,1,1
3282549,21,Kodjia,26,2,1
3282549,21,Cathcart,358,3,1
3282549,21,Femenía Far,357,4,1
3282549,21,Sánchez,333,5,1
3282549,21,Koscielny,7,6,1
3282549,21,Foyth,335,7,1
3282549,21,Nketiah,13,8,1
3282549,21,McCarthy,318,9,2
3282549,21,Mariappa,356,10,1
3282549,21,Martínez,427,11,1
3282549,21,Son,342,13,0
3282549,21,Locadia,45,14,0
3282549,21,Egan,295,15,0
3282549,22,Bednarek,307,1,1
3282549,22,Kodjia,26,2,1
3282549,22,Femenía Far,357,3,1
3282549,22,Cathcart,358,4,1
3282549,22,San Miguel del Castillo,526,5,1
3282549,22,Sánchez,333,6,1
3282549,22,Koscielny,7,7,1
3282549,22,Foyth,335,8,3
3282549,22,Nketiah,13,9,1
3282549,22,McCarthy,318,10,1
3282549,22,Martínez,427,11,1
3282549,22,Rodrigues Moura da Silva,345,13,0
3282549,22,Locadia,45,14,0
3282549,22,Egan,295,15,0
3282549,23,Bednarek,307,1,1
3282549,23,Femenía Far,357,2,1
3282549,23,Cathcart,358,3,1
3282549,23,Kodjia,26,4,1
3282549,23,Sánchez,333,5,1
3282549,23,Koscielny,7,6,1
3282549,23,Foyth,335,7,1
3282549,23,Nketiah,13,8,1
3282549,23,Agüero,210,9,1
3282549,23,Martínez,427,10,1
3282549,23,McCarthy,318,11,2
3282549,23,San Miguel del Castillo,526,13,0
3282549,23,Locadia,45,14,0
3282549,23,Egan,295,15,0
3282549,24,Bednarek,307,1,1
3282549,24,Kodjia,26,2,1
3282549,24,San Miguel del Castillo,526,3,1
3282549,24,Femenía Far,357,4,1
3282549,24,Cathcart,358,5,1
3282549,24,Sánchez,333,6,1
3282549,24,Koscielny,7,7,1
3282549,24,Foyth,335,8,1
3282549,24,Nketiah,13,9,1
3282549,24,McCarthy,318,10,2
3282549,24,Martínez,427,11,1
3282549,24,Agüero,210,13,0
3282549,24,Locadia,45,14,0
3282549,24,Egan,295,15,0
3282549,25,Bednarek,307,1,1
3282549,25,Kodjia,26,2,1
3282549,25,Egan,295,3,1
3282549,25,Femenía Far,357,4,1
3282549,25,Locadia,45,5,1
3282549,25,Koscielny,7,6,1
3282549,25,Foyth,335,7,1
3282549,25,Nketiah,13,8,1
3282549,25,McCarthy,318,9,2
3282549,25,Agüero,210,10,1
3282549,25,Martínez,427,11,1
3282549,25,Cathcart,358,13,0
3282549,25,Sánchez,333,14,0
3282549,25,San Miguel del Castillo,526,15,0
4752849,1,Bednarek,307,1,1
4752849,1,Stiepermann,285,2,1
4752849,1,Tosun,146,3,1
4752849,1,Femenía Far,357,4,1
4752849,1,Hernández,284,5,1
4752849,1,Torreira,19,6,1
4752849,1,Maguire,160,7,1
4752849,1,Buendía,283,8,1
4752849,1,Nkoudou,527,9,1
4752849,1,Martínez,427,10,2
4752849,1,Hourihane,28,11,1
4752849,1,Fernández,254,12,0
4752849,1,Egan,295,13,0
4752849,1,Fredericks,380,14,0
4752849,1,Success Ajayi,365,15,0
4752849,2,Bednarek,307,1,1
4752849,2,Stiepermann,285,2,1
4752849,2,Tosun,146,3,1
4752849,2,Femenía Far,357,4,1
4752849,2,Hernández,284,5,1
4752849,2,Torreira,19,6,1
4752849,2,Maguire,160,7,1
4752849,2,Buendía,283,8,1
4752849,2,Foyth,335,9,1
4752849,2,Martínez,427,10,2
4752849,2,Hourihane,28,11,1
4752849,2,Fernández,254,12,0
4752849,2,Egan,295,13,0
4752849,2,Fredericks,380,14,0
4752849,2,Success Ajayi,365,15,0
4752849,3,Bednarek,307,1,1
4752849,3,Stiepermann,285,2,1
4752849,3,Tosun,146,3,1
4752849,3,Femenía Far,357,4,1
4752849,3,Hernández,284,5,1
4752849,3,Torreira,19,6,1
4752849,3,Maguire,160,7,1
4752849,3,Buendía,283,8,1
4752849,3,Rüdiger,104,9,1
4752849,3,McCarthy,318,10,2
4752849,3,Hourihane,28,11,1
4752849,3,Fernández,254,12,0
4752849,3,Egan,295,13,0
4752849,3,Fredericks,380,14,0
4752849,3,Success Ajayi,365,15,0
4752849,4,Bednarek,307,1,1
4752849,4,Stiepermann,285,2,1
4752849,4,Tosun,146,3,1
4752849,4,Femenía Far,357,4,1
4752849,4,Hernández,284,5,1
4752849,4,Torreira,19,6,1
4752849,4,Lindelöf,225,7,1
4752849,4,Buendía,283,8,1
4752849,4,Rüdiger,104,9,1
4752849,4,McCarthy,318,10,2
4752849,4,Hourihane,28,11,1
4752849,4,Fernández,254,12,0
4752849,4,Egan,295,13,0
4752849,4,Fredericks,380,14,0
4752849,4,Success Ajayi,365,15,0
4752849,5,Bednarek,307,1,1
4752849,5,Stiepermann,285,2,1
4752849,5,Austin,312,3,1
4752849,5,Tielemans,448,4,1
4752849,5,Hernández,284,5,1
4752849,5,Torreira,19,6,1
4752849,5,Lindelöf,225,7,1
4752849,5,Buendía,283,8,1
4752849,5,Rüdiger,104,9,1
4752849,5,McCarthy,318,10,2
4752849,5,Hourihane,28,11,1
4752849,5,Fernández,254,12,0
4752849,5,Egan,295,13,0
4752849,5,Fredericks,380,14,0
4752849,5,Success Ajayi,365,15,0
4752849,6,Bednarek,307,1,1
4752849,6,Austin,312,2,1
4752849,6,Tielemans,448,3,1
4752849,6,Hernández,284,4,1
4752849,6,Stiepermann,285,5,1
4752849,6,Egan,295,6,1
4752849,6,Rüdiger,104,7,1
4752849,6,Torreira,19,8,1
4752849,6,Buendía,283,9,1
4752849,6,McCarthy,318,10,2
4752849,6,Hourihane,28,11,1
4752849,6,Fernández,254,12,0
4752849,6,Lindelöf,225,13,0
4752849,6,Fredericks,380,14,0
4752849,6,Success Ajayi,365,15,0
4752849,7,Bednarek,307,1,1
4752849,7,Stiepermann,285,2,1
4752849,7,Austin,312,3,1
4752849,7,Tielemans,448,4,1
4752849,7,Hernández,284,5,1
4752849,7,Torreira,19,6,1
4752849,7,Lindelöf,225,7,1
4752849,7,Buendía,283,8,1
4752849,7,Rüdiger,104,9,1
4752849,7,McCarthy,318,10,2
4752849,7,Hourihane,28,11,1
4752849,7,Fernández,254,12,0
4752849,7,Egan,295,13,0
4752849,7,Fredericks,380,14,0
4752849,7,Success Ajayi,365,15,0
4752849,8,Bednarek,307,1,1
4752849,8,Austin,312,2,1
4752849,8,Tielemans,448,3,1
4752849,8,Egan,295,4,1
4752849,8,Success Ajayi,365,5,1
4752849,8,Rüdiger,104,6,1
4752849,8,Torreira,19,7,1
4752849,8,Buendía,283,8,1
4752849,8,Lindelöf,225,9,1
4752849,8,McCarthy,318,10,2
4752849,8,Hourihane,28,11,1
4752849,8,Fernández,254,12,0
4752849,8,Hernández,284,13,0
4752849,8,Fredericks,380,14,0
4752849,8,Stiepermann,285,15,0
4752849,9,Bednarek,307,1,1
4752849,9,Egan,295,2,1
4752849,9,Tielemans,448,3,1
4752849,9,Stiepermann,285,4,1
4752849,9,Success Ajayi,365,5,1
4752849,9,Rüdiger,104,6,1
4752849,9,Torreira,19,7,1
4752849,9,Buendía,283,8,1
4752849,9,Lindelöf,225,9,1
4752849,9,McCarthy,318,10,2
4752849,9,Hourihane,28,11,1
4752849,9,Fernández,254,12,0
4752849,9,Austin,312,13,0
4752849,9,Fredericks,380,14,0
4752849,9,Hernández,284,15,0
4752849,10,Bednarek,307,1,1
4752849,10,Austin,312,2,1
4752849,10,Tielemans,448,3,1
4752849,10,Egan,295,4,1
4752849,10,Stiepermann,285,5,1
4752849,10,Rüdiger,104,6,1
4752849,10,Torreira,19,7,1
4752849,10,Buendía,283,8,1
4752849,10,Lindelöf,225,9,1
4752849,10,McCarthy,318,10,2
4752849,10,Hourihane,28,11,1
4752849,10,Fernández,254,12,0
4752849,10,Hernández,284,13,0
4752849,10,Fredericks,380,14,0
4752849,10,Success Ajayi,365,15,0
4752849,11,Bednarek,307,1,1
4752849,11,Stiepermann,285,2,1
4752849,11,Austin,312,3,1
4752849,11,Tielemans,448,4,1
4752849,11,Hernández,284,5,1
4752849,11,Torreira,19,6,1
4752849,11,Lindelöf,225,7,1
4752849,11,Buendía,283,8,1
4752849,11,Rüdiger,104,9,1
4752849,11,McCarthy,318,10,2
4752849,11,Hourihane,28,11,1
4752849,11,Fernández,254,12,0
4752849,11,Egan,295,13,0
4752849,11,Fredericks,380,14,0
4752849,11,Success Ajayi,365,15,0
4752849,12,Fernández,254,1,1
4752849,12,Egan,295,2,1
4752849,12,Tielemans,448,3,1
4752849,12,Hernández,284,4,1
4752849,12,Stiepermann,285,5,1
4752849,12,Rüdiger,104,6,1
4752849,12,Success Ajayi,365,7,1
4752849,12,Buendía,283,8,2
4752849,12,Lindelöf,225,9,1
4752849,12,McCarthy,318,10,1
4752849,12,Hourihane,28,11,1
4752849,12,Bednarek,307,12,0
4752849,12,Austin,312,13,0
4752849,12,Fredericks,380,14,0
4752849,12,Torreira,19,15,0
4752849,13,Bednarek,307,1,1
4752849,13,Stiepermann,285,2,1
4752849,13,Austin,312,3,1
4752849,13,Tielemans,448,4,1
4752849,13,Hernández,284,5,1
4752849,13,Torreira,19,6,1
4752849,13,Lindelöf,225,7,1
4752849,13,Buendía,283,8,1
4752849,13,Rüdiger,104,9,1
4752849,13,McCarthy,318,10,2
4752849,13,Hourihane,28,11,1
4752849,13,Fernández,254,12,0
4752849,13,Egan,295,13,0
4752849,13,Fredericks,380,14,0
4752849,13,Success Ajayi,365,15,0
4752849,14,Bednarek,307,1,1
4752849,14,Austin,312,2,1
4752849,14,Tielemans,448,3,1
4752849,14,Hernández,284,4,1
4752849,14,Stiepermann,285,5,1
4752849,14,Egan,295,6,1
4752849,14,Rüdiger,104,7,1
4752849,14,Torreira,19,8,1
4752849,14,Buendía,283,9,2
4752849,14,Lindelöf,225,10,1
4752849,14,Hourihane,28,11,1
4752849,14,Fernández,254,12,0
4752849,14,McCarthy,318,13,0
4752849,14,Fredericks,380,14,0
4752849,14,Success Ajayi,365,15,0
4752849,15,Bednarek,307,1,1
4752849,15,Stiepermann,285,2,1
4752849,15,Austin,312,3,1
4752849,15,Tielemans,448,4,1
4752849,15,Hernández,284,5,1
4752849,15,Torreira,19,6,1
4752849,15,Lindelöf,225,7,1
4752849,15,Buendía,283,8,1
4752849,15,Rüdiger,104,9,1
4752849,15,McCarthy,318,10,2
4752849,15,Hourihane,28,11,1
4752849,15,Fernández,254,12,0
4752849,15,Egan,295,13,0
4752849,15,Fredericks,380,14,0
4752849,15,Success Ajayi,365,15,0
4752849,16,Bednarek,307,1,1
4752849,16,Egan,295,2,1
4752849,16,Tielemans,448,3,1
4752849,16,Hernández,284,4,1
4752849,16,Stiepermann,285,5,1
4752849,16,Rüdiger,104,6,1
4752849,16,Torreira,19,7,1
4752849,16,Buendía,283,8,1
4752849,16,Lindelöf,225,9,1
4752849,16,McCarthy,318,10,2
4752849,16,Hourihane,28,11,1
4752849,16,Fernández,254,12,0
4752849,16,Austin,312,13,0
4752849,16,Fredericks,380,14,0
4752849,16,Success Ajayi,365,15,0
4752849,17,Bednarek,307,1,1
4752849,17,Egan,295,2,1
4752849,17,Tielemans,448,3,1
4752849,17,Hernández,284,4,1
4752849,17,Stiepermann,285,5,1
4752849,17,Rüdiger,104,6,1
4752849,17,Torreira,19,7,1
4752849,17,Buendía,283,8,1
4752849,17,Lindelöf,225,9,1
4752849,17,Success Ajayi,365,10,1
4752849,17,McCarthy,318,11,2
4752849,17,Fernández,254,12,0
4752849,17,Austin,312,13,0
4752849,17,Fredericks,380,14,0
4752849,17,Hourihane,28,15,0
4752849,18,Bednarek,307,1,1
4752849,18,Egan,295,2,1
4752849,18,Tielemans,448,3,1
4752849,18,Hernández,284,4,1
4752849,18,Stiepermann,285,5,1
4752849,18,Rüdiger,104,6,1
4752849,18,Torreira,19,7,1
4752849,18,Buendía,283,8,1
4752849,18,Lindelöf,225,9,1
4752849,18,Success Ajayi,365,10,1
4752849,18,McCarthy,318,11,2
4752849,18,Fernández,254,12,0
4752849,18,Austin,312,13,0
4752849,18,Fredericks,380,14,0
4752849,18,Hourihane,28,15,0
4752849,19,Bednarek,307,1,1
4752849,19,Stiepermann,285,2,1
4752849,19,Femenía Far,357,3,1
4752849,19,Tielemans,448,4,1
4752849,19,Hernández,284,5,1
4752849,19,Torreira,19,6,1
4752849,19,Lindelöf,225,7,1
4752849,19,Buendía,283,8,1
4752849,19,Rüdiger,104,9,1
4752849,19,McCarthy,318,10,2
4752849,19,Agüero,210,11,1
4752849,19,Fernández,254,12,0
4752849,19,Egan,295,13,0
4752849,19,Fredericks,380,14,0
4752849,19,Success Ajayi,365,15,0
4752849,20,Bednarek,307,1,1
4752849,20,Stiepermann,285,2,1
4752849,20,Femenía Far,357,3,1
4752849,20,Tielemans,448,4,1
4752849,20,Hernández,284,5,1
4752849,20,Torreira,19,6,1
4752849,20,Lindelöf,225,7,1
4752849,20,Buendía,283,8,1
4752849,20,Rüdiger,104,9,1
4752849,20,McCarthy,318,10,2
4752849,20,Agüero,210,11,1
4752849,20,Fernández,254,12,0
4752849,20,Egan,295,13,0
4752849,20,Fredericks,380,14,0
4752849,20,Success Ajayi,365,15,0
4752849,21,Bednarek,307,1,1
4752849,21,Stiepermann,285,2,1
4752849,21,Femenía Far,357,3,1
4752849,21,Tielemans,448,4,1
4752849,21,Hernández,284,5,1
4752849,21,Torreira,19,6,1
4752849,21,Lindelöf,225,7,1
4752849,21,Buendía,283,8,1
4752849,21,Rüdiger,104,9,1
4752849,21,McCarthy,318,10,2
4752849,21,Agüero,210,11,1
4752849,21,Fernández,254,12,0
4752849,21,Egan,295,13,0
4752849,21,Fredericks,380,14,0
4752849,21,Success Ajayi,365,15,0
4752849,22,Bednarek,307,1,1
4752849,22,Femenía Far,357,2,1
4752849,22,Tielemans,448,3,1
4752849,22,Hernández,284,4,1
4752849,22,Stiepermann,285,5,1
4752849,22,Egan,295,6,1
4752849,22,Rüdiger,104,7,1
4752849,22,Torreira,19,8,1
4752849,22,Buendía,283,9,1
4752849,22,McCarthy,318,10,2
4752849,22,Agüero,210,11,1
4752849,22,Fernández,254,12,0
4752849,22,Lindelöf,225,13,0
4752849,22,Fredericks,380,14,0
4752849,22,Success Ajayi,365,15,0
4752849,23,Bednarek,307,1,1
4752849,23,Femenía Far,357,2,1
4752849,23,Tielemans,448,3,1
4752849,23,Hernández,284,4,1
4752849,23,Stiepermann,285,5,1
4752849,23,Rüdiger,104,6,1
4752849,23,Torreira,19,7,1
4752849,23,Buendía,283,8,1
4752849,23,Success Ajayi,365,9,1
4752849,23,McCarthy,318,10,2
4752849,23,Agüero,210,11,1
4752849,23,Fernández,254,12,0
4752849,23,Egan,295,13,0
4752849,23,Fredericks,380,14,0
4752849,23,Lindelöf,225,15,0
4752849,24,Bednarek,307,1,1
4752849,24,Femenía Far,357,2,1
4752849,24,Tielemans,448,3,1
4752849,24,Hernández,284,4,1
4752849,24,Stiepermann,285,5,1
4752849,24,Egan,295,6,1
4752849,24,Rüdiger,104,7,1
4752849,24,Torreira,19,8,1
4752849,24,Buendía,283,9,1
4752849,24,Success Ajayi,365,10,1
4752849,24,McCarthy,318,11,2
4752849,24,Fernández,254,12,0
4752849,24,Lindelöf,225,13,0
4752849,24,Fredericks,380,14,0
4752849,24,Agüero,210,15,0
4752849,25,Bednarek,307,1,1
4752849,25,Egan,295,2,1
4752849,25,Tielemans,448,3,1
4752849,25,Hernández,284,4,1
4752849,25,Stiepermann,285,5,1
4752849,25,Rüdiger,104,6,1
4752849,25,Torreira,19,7,1
4752849,25,Buendía,283,8,1
4752849,25,Lindelöf,225,9,1
4752849,25,McCarthy,318,10,2
4752849,25,Agüero,210,11,1
4752849,25,Fernández,254,12,0
4752849,25,Femenía Far,357,13,0
4752849,25,Fredericks,380,14,0
4752849,25,Success Ajayi,365,15,0
5705773,1,Calvert-Lewin,147,1,1
5705773,1,Femenía Far,357,2,1
5705773,1,Martinelli Silva,504,3,1
5705773,1,Hernández,284,4,1
5705773,1,Ibrahim Hassan,465,5,1
5705773,1,Nketiah,13,6,1
5705773,1,Buendía,283,7,2
5705773,1,Nkoudou,527,8,1
5705773,1,Maguire,160,9,1
5705773,1,Martínez,427,10,1
5705773,1,Hourihane,28,11,1
5705773,1,Janssen,339,13,0
5705773,1,Egan,295,14,0
5705773,1,Fredericks,380,15,0
5705773,2,Calvert-Lewin,147,1,1
5705773,2,Femenía Far,357,2,1
5705773,2,Martinelli Silva,504,3,1
5705773,2,Hernández,284,4,1
5705773,2,Stacey,446,5,1
5705773,2,Nketiah,13,6,1
5705773,2,Buendía,283,7,1
5705773,2,Torreira,19,8,1
5705773,2,Tuanzebe,481,9,1
5705773,2,McCarthy,318,10,3
5705773,2,Hourihane,28,11,1
5705773,2,Janssen,339,13,0
5705773,2,Egan,295,14,0
5705773,2,Fredericks,380,15,0
5705773,3,Calvert-Lewin,147,1,1
5705773,3,Femenía Far,357,2,1
5705773,3,Martinelli Silva,504,3,1
5705773,3,Hernández,284,4,1
5705773,3,Stacey,446,5,1
5705773,3,Nketiah,13,6,1
5705773,3,Buendía,283,7,1
5705773,3,Torreira,19,8,1
5705773,3,Tuanzebe,481,9,1
5705773,3,McCarthy,318,10,2
5705773,3,Hourihane,28,11,1
5705773,3,Caballero,112,13,0
5705773,3,Egan,295,14,0
5705773,3,Fredericks,380,15,0
5705773,4,Calvert-Lewin,147,1,1
5705773,4,Femenía Far,357,2,1
5705773,4,Caballero,112,3,1
5705773,4,Hernández,284,4,1
5705773,4,Stacey,446,5,1
5705773,4,Nketiah,13,6,1
5705773,4,Buendía,283,7,1
5705773,4,Torreira,19,8,1
5705773,4,Tuanzebe,481,9,1
5705773,4,McCarthy,318,10,2
5705773,4,Hourihane,28,11,1
5705773,4,Martinelli Silva,504,13,0
5705773,4,Egan,295,14,0
5705773,4,Fredericks,380,15,0
5705773,5,Calvert-Lewin,147,1,1
5705773,5,Caballero,112,2,1
5705773,5,Femenía Far,357,3,1
5705773,5,Martinelli Silva,504,4,1
5705773,5,Rüdiger,104,5,1
5705773,5,Buendía,283,6,1
5705773,5,Koscielny,7,7,1
5705773,5,Stacey,446,8,1
5705773,5,Agüero,210,9,1
5705773,5,Hourihane,28,10,1
5705773,5,McCarthy,318,11,2
5705773,5,Tosun,146,13,0
5705773,5,Egan,295,14,0
5705773,5,Tuanzebe,481,15,0
5705773,6,Calvert-Lewin,147,1,1
5705773,6,Martinelli Silva,504,2,1
5705773,6,Caballero,112,3,1
5705773,6,Tosun,146,4,1
5705773,6,Stacey,446,5,1
5705773,6,Rüdiger,104,6,1
5705773,6,Buendía,283,7,1
5705773,6,Koscielny,7,8,1
5705773,6,Agüero,210,9,1
5705773,6,McCarthy,318,10,2
5705773,6,Hourihane,28,11,1
5705773,6,Femenía Far,357,13,0
5705773,6,Egan,295,14,0
5705773,6,Tuanzebe,481,15,0
5705773,7,Özil,15,1,1
5705773,7,Martinelli Silva,504,2,1
5705773,7,Caballero,112,3,1
5705773,7,Tosun,146,4,1
5705773,7,Stacey,446,5,1
5705773,7,Rüdiger,104,6,1
5705773,7,Torreira,19,7,1
5705773,7,Koscielny,7,8,1
5705773,7,Agüero,210,9,1
5705773,7,McCarthy,318,10,2
5705773,7,Martínez,427,11,1
5705773,7,Femenía Far,357,13,0
5705773,7,Egan,295,14,0
5705773,7,Tuanzebe,481,15,0
5705773,8,Özil,15,1,1
5705773,8,Femenía Far,357,2,1
5705773,8,Egan,295,3,1
5705773,8,Martinelli Silva,504,4,1
5705773,8,Tuanzebe,481,5,1
5705773,8,Torreira,19,6,1
5705773,8,Koscielny,7,7,1
5705773,8,Stacey,446,8,1
5705773,8,Agüero,210,9,1
5705773,8,Martínez,427,10,1
5705773,8,McCarthy,318,11,2
5705773,8,Caballero,112,13,0
5705773,8,Tosun,146,14,0
5705773,8,Rüdiger,104,15,0
5705773,9,Özil,15,1,1
5705773,9,Femenía Far,357,2,1
5705773,9,Tosun,146,3,1
5705773,9,Martinelli Silva,504,4,1
5705773,9,Egan,295,5,1
5705773,9,Rüdiger,104,6,1
5705773,9,Torreira,19,7,1
5705773,9,Koscielny,7,8,1
5705773,9,Agüero,210,9,1
5705773,9,Martínez,427,10,1
5705773,9,McCarthy,318,11,2
5705773,9,Caballero,112,13,0
5705773,9,Stacey,446,14,0
5705773,9,Tuanzebe,481,15,0
5705773,10,Özil,15,1,1
5705773,10,Caballero,112,2,1
5705773,10,Tosun,146,3,1
5705773,10,Femenía Far,357,4,1
5705773,10,Egan,295,5,1
5705773,10,Rüdiger,104,6,1
5705773,10,Torreira,19,7,1
5705773,10,Koscielny,7,8,1
5705773,10,Tuanzebe,481,9,1
5705773,10,Martínez,427,10,1
5705773,10,McCarthy,318,11,2
5705773,10,Martinelli Silva,504,13,0
5705773,10,Stacey,446,14,0
5705773,10,Agüero,210,15,0
5705773,11,Özil,15,1,1
5705773,11,Caballero,112,2,1
5705773,11,Femenía Far,357,3,1
5705773,11,Egan,295,4,1
5705773,11,Rüdiger,104,5,1
5705773,11,Torreira,19,6,1
5705773,11,Koscielny,7,7,1
5705773,11,Tuanzebe,481,8,1
5705773,11,Agüero,210,9,1
5705773,11,Martínez,427,10,1
5705773,11,McCarthy,318,11,2
5705773,11,Tosun,146,13,0
5705773,11,Martinelli Silva,504,14,0
5705773,11,Stacey,446,15,0
5705773,12,Özil,15,1,1
5705773,12,Caballero,112,2,1
5705773,12,Femenía Far,357,3,1
5705773,12,Egan,295,4,1
5705773,12,Rüdiger,104,5,1
5705773,12,Tuanzebe,481,6,1
5705773,12,Koscielny,7,7,1
5705773,12,Stacey,446,8,1
5705773,12,Agüero,210,9,1
5705773,12,Martínez,427,10,1
5705773,12,McCarthy,318,11,2
5705773,12,Tosun,146,13,0
5705773,12,Martinelli Silva,504,14,0
5705773,12,Torreira,19,15,0
5705773,13,Özil,15,1,1
5705773,13,Caballero,112,2,1
5705773,13,Femenía Far,357,3,1
5705773,13,Egan,295,4,1
5705773,13,Rüdiger,104,5,1
5705773,13,Torreira,19,6,1
5705773,13,Koscielny,7,7,1
5705773,13,Tuanzebe,481,8,1
5705773,13,Agüero,210,9,1
5705773,13,Martínez,427,10,1
5705773,13,McCarthy,318,11,2
5705773,13,Tosun,146,13,0
5705773,13,Martinelli Silva,504,14,0
5705773,13,Stacey,446,15,0
5705773,14,Özil,15,1,1
5705773,14,Caballero,112,2,1
5705773,14,Femenía Far,357,3,1
5705773,14,Egan,295,4,1
5705773,14,Rüdiger,104,5,1
5705773,14,Torreira,19,6,2
5705773,14,Koscielny,7,7,1
5705773,14,Stacey,446,8,1
5705773,14,Agüero,210,9,1
5705773,14,Martínez,427,10,1
5705773,14,McCarthy,318,11,1
5705773,14,Tosun,146,13,0
5705773,14,Martinelli Silva,504,14,0
5705773,14,Tuanzebe,481,15,0
5705773,15,Özil,15,1,1
5705773,15,Caballero,112,2,1
5705773,15,Femenía Far,357,3,1
5705773,15,Martinelli Silva,504,4,1
5705773,15,Egan,295,5,1
5705773,15,Rüdiger,104,6,1
5705773,15,Torreira,19,7,1
5705773,15,Koscielny,7,8,1
5705773,15,Stacey,446,9,1
5705773,15,Martínez,427,10,1
5705773,15,McCarthy,318,11,2
5705773,15,Tosun,146,13,0
5705773,15,Agüero,210,14,0
5705773,15,Tuanzebe,481,15,0
5705773,16,Özil,15,1,1
5705773,16,Caballero,112,2,1
5705773,16,Femenía Far,357,3,1
5705773,16,Martinelli Silva,504,4,1
5705773,16,Egan,295,5,1
5705773,16,Rüdiger,104,6,1
5705773,16,Torreira,19,7,1
5705773,16,Koscielny,7,8,1
5705773,16,Stacey,446,9,1
5705773,16,Martínez,427,10,1
5705773,16,McCarthy,318,11,2
5705773,16,Tosun,146,13,0
5705773,16,Agüero,210,14,0
5705773,16,Tuanzebe,481,15,0
5705773,17,Özil,15,1,1
5705773,17,Martinelli Silva,504,2,1
5705773,17,Caballero,112,3,1
5705773,17,Tosun,146,4,1
5705773,17,Stacey,446,5,1
5705773,17,Rüdiger,104,6,1
5705773,17,Torreira,19,7,1
5705773,17,Koscielny,7,8,1
5705773,17,Agüero,210,9,1
5705773,17,McCarthy,318,10,2
5705773,17,Martínez,427,11,1
5705773,17,Femenía Far,357,13,0
5705773,17,Egan,295,14,0
5705773,17,Tuanzebe,481,15,0
5705773,18,Özil,15,1,1
5705773,18,Caballero,112,2,1
5705773,18,Femenía Far,357,3,1
5705773,18,Martinelli Silva,504,4,1
5705773,18,Egan,295,5,1
5705773,18,Rüdiger,104,6,1
5705773,18,Torreira,19,7,1
5705773,18,Koscielny,7,8,1
5705773,18,Agüero,210,9,1
5705773,18,Martínez,427,10,1
5705773,18,McCarthy,318,11,2
5705773,18,Tosun,146,13,0
5705773,18,Stacey,446,14,0
5705773,18,Tuanzebe,481,15,0
5705773,19,Özil,15,1,1
5705773,19,Caballero,112,2,1
5705773,19,Femenía Far,357,3,1
5705773,19,Egan,295,4,1
5705773,19,Rüdiger,104,5,1
5705773,19,Torreira,19,6,1
5705773,19,Koscielny,7,7,1
5705773,19,Tuanzebe,481,8,1
5705773,19,Agüero,210,9,1
5705773,19,Martínez,427,10,1
5705773,19,McCarthy,318,11,2
5705773,19,Tosun,146,13,0
5705773,19,Martinelli Silva,504,14,0
5705773,19,Stacey,446,15,0
5705773,20,Özil,15,1,1
5705773,20,Femenía Far,357,2,1
5705773,20,Egan,295,3,1
5705773,20,Martinelli Silva,504,4,1
5705773,20,Rüdiger,104,5,1
5705773,20,Torreira,19,6,1
5705773,20,Koscielny,7,7,1
5705773,20,Stacey,446,8,1
5705773,20,Agüero,210,9,1
5705773,20,Martínez,427,10,1
5705773,20,McCarthy,318,11,2
5705773,20,Caballero,112,13,0
5705773,20,Tosun,146,14,0
5705773,20,Tuanzebe,481,15,0
5705773,21,Özil,15,1,1
5705773,21,Caballero,112,2,1
5705773,21,Femenía Far,357,3,1
5705773,21,Egan,295,4,1
5705773,21,Rüdiger,104,5,1
5705773,21,Torreira,19,6,1
5705773,21,Koscielny,7,7,1
5705773,21,Stacey,446,8,1
5705773,21,Agüero,210,9,1
5705773,21,Martínez,427,10,1
5705773,21,McCarthy,318,11,2
5705773,21,Tosun,146,13,0
5705773,21,Martinelli Silva,504,14,0
5705773,21,Tuanzebe,481,15,0
5705773,22,Özil,15,1,1
5705773,22,Martinelli Silva,504,2,1
5705773,22,Caballero,112,3,1
5705773,22,Tosun,146,4,1
5705773,22,Stacey,446,5,1
5705773,22,Rüdiger,104,6,1
5705773,22,Torreira,19,7,1
5705773,22,Koscielny,7,8,1
5705773,22,Agüero,210,9,1
5705773,22,McCarthy,318,10,2
5705773,22,Martínez,427,11,1
5705773,22,Femenía Far,357,13,0
5705773,22,Egan,295,14,0
5705773,22,Tuanzebe,481,15,0
5705773,23,Özil,15,1,1
5705773,23,Martinelli Silva,504,2,1
5705773,23,Caballero,112,3,1
5705773,23,Tosun,146,4,1
5705773,23,Stacey,446,5,1
5705773,23,Rüdiger,104,6,1
5705773,23,Torreira,19,7,1
5705773,23,Koscielny,7,8,1
5705773,23,Agüero,210,9,1
5705773,23,McCarthy,318,10,2
5705773,23,Martínez,427,11,1
5705773,23,Femenía Far,357,13,0
5705773,23,Egan,295,14,0
5705773,23,Tuanzebe,481,15,0
5705773,24,Özil,15,1,1
5705773,24,Femenía Far,357,2,1
5705773,24,Egan,295,3,1
5705773,24,Martinelli Silva,504,4,1
5705773,24,Rüdiger,104,5,1
5705773,24,Torreira,19,6,1
5705773,24,Koscielny,7,7,1
5705773,24,Stacey,446,8,1
5705773,24,Agüero,210,9,1
5705773,24,Martínez,427,10,1
5705773,24,McCarthy,318,11,2
5705773,24,Caballero,112,13,0
5705773,24,Tosun,146,14,0
5705773,24,Tuanzebe,481,15,0
5705773,25,Özil,15,1,1
5705773,25,Egan,295,2,1
5705773,25,Tosun,146,3,1
5705773,25,Martinelli Silva,504,4,1
5705773,25,Rüdiger,104,5,1
5705773,25,Torreira,19,6,1
5705773,25,Koscielny,7,7,1
5705773,25,Stacey,446,8,1
5705773,25,Agüero,210,9,1
5705773,25,Martínez,427,10,1
5705773,25,McCarthy,318,11,2
5705773,25,Femenía Far,357,13,0
5705773,25,Caballero,112,14,0
5705773,25,Tuanzebe,481,15,0
6643749,1,Özil,15,1,1
6643749,1,Stiepermann,285,2,1
6643749,1,Valery,306,3,1
6643749,1,Egan,295,4,1
6643749,1,Caballero,112,5,1
6643749,1,Buendía,283,6,2
6643749,1,Torreira,19,7,1
6643749,1,O'Connell,293,8,1
6643749,1,Ramsay,311,9,1
6643749,1,McCarthy,318,10,1
6643749,1,Hourihane,28,11,1
6643749,1,Fernández,254,12,0
6643749,1,Clarke,43,13,0
6643749,1,Lamela,346,14,0
6643749,1,Grant,237,15,0
6643749,2,Özil,15,1,1
6643749,2,Stiepermann,285,2,1
6643749,2,Valery,306,3,1
6643749,2,Egan,295,4,1
6643749,2,Caballero,112,5,1
6643749,2,Buendía,283,6,2
6643749,2,Torreira,19,7,1
6643749,2,O'Connell,293,8,1
6643749,2,Ramsay,311,9,1
6643749,2,McCarthy,318,10,1
6643749,2,Hourihane,28,11,1
6643749,2,Fernández,254,12,0
6643749,2,Clarke,43,13,0
6643749,2,Lamela,346,14,0
6643749,2,Grant,237,15,0
6643749,3,Özil,15,1,1
6643749,3,Stiepermann,285,2,1
6643749,3,Valery,306,3,1
6643749,3,Egan,295,4,1
6643749,3,Caballero,112,5,1
6643749,3,Buendía,283,6,2
6643749,3,Torreira,19,7,1
6643749,3,O'Connell,293,8,1
6643749,3,Ramsay,311,9,1
6643749,3,McCarthy,318,10,1
6643749,3,Hourihane,28,11,1
6643749,3,Fernández,254,12,0
6643749,3,Clarke,43,13,0
6643749,3,Lamela,346,14,0
6643749,3,Grant,237,15,0
6643749,4,Özil,15,1,1
6643749,4,Stiepermann,285,2,1
6643749,4,Tosun,146,3,1
6643749,4,Egan,295,4,1
6643749,4,Caballero,112,5,1
6643749,4,Buendía,283,6,1
6643749,4,Torreira,19,7,1
6643749,4,Obafemi,314,8,1
6643749,4,Ramsay,311,9,1
6643749,4,McCarthy,318,10,1
6643749,4,Hourihane,28,11,2
6643749,4,Fernández,254,12,0
6643749,4,Clarke,43,13,0
6643749,4,Lamela,346,14,0
6643749,4,Grant,237,15,0
6643749,5,Özil,15,1,1
6643749,5,Stiepermann,285,2,1
6643749,5,Tielemans,448,3,1
6643749,5,Caballero,112,4,1
6643749,5,Buendía,283,5,2
6643749,5,Torreira,19,6,1
6643749,5,Obafemi,314,7,1
6643749,5,Ramsay,311,8,1
6643749,5,Lamela,346,9,1
6643749,5,McCarthy,318,10,1
6643749,5,Hourihane,28,11,1
6643749,5,Fernández,254,12,0
6643749,5,Clarke,43,13,0
6643749,5,Egan,295,14,0
6643749,5,Grant,237,15,0
6643749,6,Özil,15,1,1
6643749,6,Stiepermann,285,2,1
6643749,6,Tielemans,448,3,1
6643749,6,Caballero,112,4,1
6643749,6,Buendía,283,5,2
6643749,6,Torreira,19,6,1
6643749,6,Obafemi,314,7,1
6643749,6,Ramsay,311,8,1
6643749,6,Rüdiger,104,9,1
6643749,6,McCarthy,318,10,1
6643749,6,Hourihane,28,11,1
6643749,6,Fernández,254,12,0
6643749,6,Clarke,43,13,0
6643749,6,Egan,295,14,0
6643749,6,Grant,237,15,0
6643749,7,Özil,15,1,1
6643749,7,Stiepermann,285,2,1
6643749,7,Tielemans,448,3,1
6643749,7,Caballero,112,4,1
6643749,7,Buendía,283,5,2
6643749,7,Torreira,19,6,1
6643749,7,Obafemi,314,7,1
6643749,7,Ramsay,311,8,1
6643749,7,Rüdiger,104,9,1
6643749,7,McCarthy,318,10,1
6643749,7,Hourihane,28,11,1
6643749,7,Fernández,254,12,0
6643749,7,Clarke,43,13,0
6643749,7,Egan,295,14,0
6643749,7,Grant,237,15,0
6643749,8,Özil,15,1,1
6643749,8,Egan,295,2,1
6643749,8,Tielemans,448,3,1
6643749,8,Caballero,112,4,1
6643749,8,Buendía,283,5,1
6643749,8,Torreira,19,6,1
6643749,8,Obafemi,314,7,1
6643749,8,Rüdiger,104,8,1
6643749,8,Ramsay,311,9,1
6643749,8,McCarthy,318,10,2
6643749,8,Hourihane,28,11,1
6643749,8,Fernández,254,12,0
6643749,8,Clarke,43,13,0
6643749,8,Stiepermann,285,14,0
6643749,8,Grant,237,15,0
6643749,9,Özil,15,1,1
6643749,9,Stiepermann,285,2,1
6643749,9,Tielemans,448,3,1
6643749,9,Egan,295,4,1
6643749,9,Buendía,283,5,2
6643749,9,Torreira,19,6,1
6643749,9,Obafemi,314,7,1
6643749,9,Rüdiger,104,8,1
6643749,9,Ramsay,311,9,1
6643749,9,McCarthy,318,10,1
6643749,9,Hourihane,28,11,1
6643749,9,Fernández,254,12,0
6643749,9,Clarke,43,13,0
6643749,9,Caballero,112,14,0
6643749,9,Grant,237,15,0
6643749,10,Özil,15,1,1
6643749,10,Stiepermann,285,2,1
6643749,10,Tielemans,448,3,1
6643749,10,Caballero,112,4,1
6643749,10,Buendía,283,5,2
6643749,10,Torreira,19,6,1
6643749,10,Obafemi,314,7,1
6643749,10,Ramsay,311,8,1
6643749,10,Rüdiger,104,9,1
6643749,10,McCarthy,318,10,1
6643749,10,Hourihane,28,11,1
6643749,10,Fernández,254,12,0
6643749,10,Clarke,43,13,0
6643749,10,Egan,295,14,0
6643749,10,Grant,237,15,0
6643749,11,Özil,15,1,1
6643749,11,Stiepermann,285,2,1
6643749,11,Tielemans,448,3,1
6643749,11,Caballero,112,4,1
6643749,11,Buendía,283,5,2
6643749,11,Torreira,19,6,1
6643749,11,Obafemi,314,7,1
6643749,11,Ramsay,311,8,1
6643749,11,Rüdiger,104,9,1
6643749,11,McCarthy,318,10,1
6643749,11,Hourihane,28,11,1
6643749,11,Fernández,254,12,0
6643749,11,Clarke,43,13,0
6643749,11,Egan,295,14,0
6643749,11,Grant,237,15,0
6643749,12,Fernández,254,1,1
6643749,12,Stiepermann,285,2,1
6643749,12,Tielemans,448,3,1
6643749,12,Caballero,112,4,1
6643749,12,Clarke,43,5,1
6643749,12,Egan,295,6,1
6643749,12,Buendía,283,7,2
6643749,12,Jakupovic,169,8,1
6643749,12,Ramsay,311,9,1
6643749,12,McCarthy,318,10,1
6643749,12,Simpson,66,11,1
6643749,12,Özil,15,12,0
6643749,12,Torreira,19,13,0
6643749,12,Obafemi,314,14,0
6643749,12,Grant,237,15,0
6643749,13,Özil,15,1,1
6643749,13,Stiepermann,285,2,1
6643749,13,Tielemans,448,3,1
6643749,13,Caballero,112,4,1
6643749,13,Buendía,283,5,2
6643749,13,Torreira,19,6,1
6643749,13,Obafemi,314,7,1
6643749,13,Ramsay,311,8,1
6643749,13,Jakupovic,169,9,1
6643749,13,McCarthy,318,10,1
6643749,13,Simpson,66,11,1
6643749,13,Fernández,254,12,0
6643749,13,Clarke,43,13,0
6643749,13,Egan,295,14,0
6643749,13,Grant,237,15,0
6643749,14,Özil,15,1,1
6643749,14,Stiepermann,285,2,1
6643749,14,Tielemans,448,3,1
6643749,14,Caballero,112,4,1
6643749,14,Clarke,43,5,1
6643749,14,Buendía,283,6,2
6643749,14,Torreira,19,7,1
6643749,14,Obafemi,314,8,1
6643749,14,Jakupovic,169,9,1
6643749,14,Ramsay,311,10,1
6643749,14,Simpson,66,11,1
6643749,14,Fernández,254,12,0
6643749,14,McCarthy,318,13,0
6643749,14,Egan,295,14,0
6643749,14,Grant,237,15,0
6643749,15,Özil,15,1,1
6643749,15,Stiepermann,285,2,1
6643749,15,Tielemans,448,3,1
6643749,15,Caballero,112,4,1
6643749,15,Buendía,283,5,2
6643749,15,Torreira,19,6,1
6643749,15,Obafemi,314,7,1
6643749,15,Ramsay,311,8,1
6643749,15,Jakupovic,169,9,1
6643749,15,McCarthy,318,10,1
6643749,15,Simpson,66,11,1
6643749,15,Fernández,254,12,0
6643749,15,Clarke,43,13,0
6643749,15,Egan,295,14,0
6643749,15,Grant,237,15,0
6643749,16,Özil,15,1,1
6643749,16,Stiepermann,285,2,1
6643749,16,Tielemans,448,3,1
6643749,16,Caballero,112,4,1
6643749,16,Buendía,283,5,2
6643749,16,Torreira,19,6,1
6643749,16,Obafemi,314,7,1
6643749,16,Ramsay,311,8,1
6643749,16,Jakupovic,169,9,1
6643749,16,McCarthy,318,10,1
6643749,16,Simpson,66,11,1
6643749,16,Fernández,254,12,0
6643749,16,Clarke,43,13,0
6643749,16,Egan,295,14,0
6643749,16,Grant,237,15,0
6643749,17,Özil,15,1,1
6643749,17,Stiepermann,285,2,1
6643749,17,Tielemans,448,3,1
6643749,17,Caballero,112,4,1
6643749,17,Egan,295,5,1
6643749,17,Buendía,283,6,2
6643749,17,Torreira,19,7,1
6643749,17,Obafemi,314,8,1
6643749,17,Jakupovic,169,9,1
6643749,17,McCarthy,318,10,1
6643749,17,Simpson,66,11,1
6643749,17,Fernández,254,12,0
6643749,17,Clarke,43,13,0
6643749,17,Ramsay,311,14,0
6643749,17,Grant,237,15,0
6643749,18,Özil,15,1,1
6643749,18,Stiepermann,285,2,1
6643749,18,Tielemans,448,3,1
6643749,18,Caballero,112,4,1
6643749,18,Buendía,283,5,2
6643749,18,Torreira,19,6,1
6643749,18,Obafemi,314,7,1
6643749,18,Ramsay,311,8,1
6643749,18,Jakupovic,169,9,1
6643749,18,McCarthy,318,10,1
6643749,18,Simpson,66,11,1
6643749,18,Fernández,254,12,0
6643749,18,Clarke,43,13,0
6643749,18,Egan,295,14,0
6643749,18,Grant,237,15,0
6643749,19,Özil,15,1,1
6643749,19,Stiepermann,285,2,1
6643749,19,Tielemans,448,3,1
6643749,19,Caballero,112,4,1
6643749,19,Buendía,283,5,2
6643749,19,Torreira,19,6,1
6643749,19,Obafemi,314,7,1
6643749,19,Ramsay,311,8,1
6643749,19,Jakupovic,169,9,1
6643749,19,McCarthy,318,10,1
6643749,19,Simpson,66,11,1
6643749,19,Fernández,254,12,0
6643749,19,Clarke,43,13,0
6643749,19,Egan,295,14,0
6643749,19,Grant,237,15,0
6643749,20,Özil,15,1,1
6643749,20,Stiepermann,285,2,1
6643749,20,Tielemans,448,3,1
6643749,20,Egan,295,4,1
6643749,20,Buendía,283,5,2
6643749,20,Torreira,19,6,1
6643749,20,Obafemi,314,7,1
6643749,20,Jakupovic,169,8,1
6643749,20,Ramsay,311,9,1
6643749,20,McCarthy,318,10,1
6643749,20,Grant,237,11,1
6643749,20,Fernández,254,12,0
6643749,20,Clarke,43,13,0
6643749,20,Caballero,112,14,0
6643749,20,Simpson,66,15,0
6643749,21,Özil,15,1,1
6643749,21,Stiepermann,285,2,1
6643749,21,Tielemans,448,3,1
6643749,21,Caballero,112,4,1
6643749,21,Clarke,43,5,1
6643749,21,Egan,295,6,1
6643749,21,Buendía,283,7,2
6643749,21,Torreira,19,8,1
6643749,21,Jakupovic,169,9,1
6643749,21,Ramsay,311,10,1
6643749,21,McCarthy,318,11,1
6643749,21,Fernández,254,12,0
6643749,21,Obafemi,314,13,0
6643749,21,Simpson,66,14,0
6643749,21,Grant,237,15,0
6643749,22,Özil,15,1,1
6643749,22,Stiepermann,285,2,1
6643749,22,Tielemans,448,3,1
6643749,22,Caballero,112,4,1
6643749,22,Clarke,43,5,1
6643749,22,Egan,295,6,1
6643749,22,Buendía,283,7,2
6643749,22,Torreira,19,8,1
6643749,22,Jakupovic,169,9,1
6643749,22,Ramsay,311,10,1
6643749,22,McCarthy,318,11,1
6643749,22,Fernández,254,12,0
6643749,22,Obafemi,314,13,0
6643749,22,Simpson,66,14,0
6643749,22,Grant,237,15,0
6643749,23,Özil,15,1,1
6643749,23,Stiepermann,285,2,1
6643749,23,Tielemans,448,3,1
6643749,23,Caballero,112,4,1
6643749,23,Buendía,283,5,2
6643749,23,Torreira,19,6,1
6643749,23,Obafemi,314,7,1
6643749,23,Ramsay,311,8,1
6643749,23,Jakupovic,169,9,1
6643749,23,McCarthy,318,10,1
6643749,23,Simpson,66,11,1
6643749,23,Fernández,254,12,0
6643749,23,Clarke,43,13,0
6643749,23,Egan,295,14,0
6643749,23,Grant,237,15,0
6643749,24,Özil,15,1,1
6643749,24,Stiepermann,285,2,1
6643749,24,Tielemans,448,3,1
6643749,24,Clarke,43,4,1
6643749,24,Buendía,283,5,2
6643749,24,Torreira,19,6,1
6643749,24,Obafemi,314,7,1
6643749,24,Jakupovic,169,8,1
6643749,24,Ramsay,311,9,1
6643749,24,McCarthy,318,10,1
6643749,24,Simpson,66,11,1
6643749,24,Fernández,254,12,0
6643749,24,Caballero,112,13,0
6643749,24,Egan,295,14,0
6643749,24,Grant,237,15,0
6643749,25,Özil,15,1,1
6643749,25,Stiepermann,285,2,1
6643749,25,Clarke,43,3,1
6643749,25,Egan,295,4,1
6643749,25,Buendía,283,5,2
6643749,25,Torreira,19,6,1
6643749,25,Obafemi,314,7,1
6643749,25,Jakupovic,169,8,1
6643749,25,Ramsay,311,9,1
6643749,25,McCarthy,318,10,1
6643749,25,Simpson,66,11,1
6643749,25,Fernández,254,12,0
6643749,25,Tielemans,448,13,0
6643749,25,Caballero,112,14,0
6643749,25,Grant,237,15,0
